Latitude,Longitude,Comentários
-23.2546816,-45.9174212,08/04/2016 de madrugada
-23.1792126,-45.8863922,17/04/2016 pela manhã
-23.1810039,-45.87275899999999,17/04/2016 a tarde
-23.1932471,-45.8756368,17/04/2016 pela manhã
-23.2527639,-45.9070827,08/04/2016 a noite
-23.6193025,-45.4001556,30/04/2016 em hora incerta
-23.2416647,-45.9356842,09/04/2016 de madrugada
-23.2441903,-45.8945804,10/04/2016 a noite
-23.2378529,-45.9152291,10/04/2016 de madrugada
-23.1597643,-45.8964831,18/04/2016 a noite
-23.2581426,-45.8854723,19/04/2016 de madrugada
-23.2448747,-45.8956049,10/04/2016 pela manhã
-23.2644253,-45.9092316,10/04/2016 pela manhã
-23.1837645,-45.8829031,19/04/2016 pela manhã
-23.2137554,-45.8924758,10/04/2016 a tarde
-23.184002,-45.8853993,20/04/2016 pela manhã
-23.2436947,-45.88850920000001,11/04/2016 pela manhã
-23.2436947,-45.88850920000001,11/04/2016 pela manhã
-23.2779182,-45.8889519,11/04/2016 pela manhã
-23.2336395,-45.8812056,11/04/2016 de madrugada
-23.1842006,-45.87278540000001,21/04/2016 de madrugada
-23.186075,-45.8874165,21/04/2016 a noite
-23.186075,-45.8874165,21/04/2016 a noite
-23.2332633,-45.9032449,11/04/2016 a noite
-23.1638422,-45.8924145,21/04/2016 pela manhã
-23.1921045,-45.8900577,21/04/2016 pela manhã
-23.2601438,-45.9009688,12/04/2016 a noite
-23.2053627,-45.8868285,22/04/2016 a tarde
-23.1756763,-45.85109509999999,22/04/2016 a noite
-23.2829916,-45.8973111,13/04/2016 a noite
-23.226347,-45.9020834,14/04/2016 pela manhã
-23.1618742,-45.8997466,24/04/2016 a noite
-23.246961,-45.915074,14/04/2016 a noite
-23.2450152,-45.894119,15/04/2016 de madrugada
-23.2376507,-45.90419,15/04/2016 a tarde
-23.2611334,-45.9002493,15/04/2016 a noite
-23.1801302,-45.88514989999999,15/04/2016 pela manhã
-23.2137554,-45.8924758,15/04/2016 pela manhã
-23.2606571,-45.9131688,15/04/2016 a noite
-23.2325422,-45.89009,15/04/2016 a noite
-23.2386321,-45.905777,16/04/2016 em hora incerta
-23.2248959,-45.9022631,16/04/2016 em hora incerta
-23.2541868,-45.9310973,16/04/2016 a noite
-23.2677156,-45.8680142,16/04/2016 a tarde
-23.1977428,-45.8914701,26/04/2016 pela manhã
-23.2018022,-45.88458749999999,26/04/2016 a tarde
-23.1981311,-45.88353439999999,17/04/2016 a noite
-23.1627966,-45.91704050000001,26/04/2016 a tarde
-23.188688,-45.8768,26/04/2016 a noite
-23.2047652,-45.9061576,26/04/2016 a noite
-23.201855,-45.8916236,26/04/2016 em hora incerta
-23.1963647,-45.8883313,26/04/2016 a noite
-23.2218634,-45.9065898,27/04/2016 a tarde
-23.1954149,-45.8967557,28/04/2016 pela manhã
-23.2171368,-45.9102888,28/04/2016 em hora incerta
-23.2270164,-45.9010233,19/04/2016 a noite
-23.2270164,-45.9010233,19/04/2016 a noite
-23.1933713,-45.8901531,29/04/2016 a noite
-23.2512004,-45.8889334,19/04/2016 a noite
-23.1606679,-45.8969364,29/04/2016 a tarde
-23.232802,-45.8940797,20/04/2016 de madrugada
-23.1872972,-45.88185850000001,29/04/2016 pela manhã
-23.1631697,-45.9001266,30/04/2016 de madrugada
-23.2320396,-45.8801293,20/04/2016 a noite
-23.2245744,-45.921373,30/04/2016 a tarde
-23.2478368,-45.8863786,21/04/2016 a noite
-23.2392974,-45.898204,21/04/2016 a noite
-23.2279459,-45.8905498,22/04/2016 a tarde
-23.2352807,-45.9037089,22/04/2016 a noite
-23.2441754,-45.901806,23/04/2016 a noite
-23.2430185,-45.8949086,23/04/2016 de madrugada
-23.2376236,-45.909526,23/04/2016 a tarde
-23.2813149,-45.8961975,24/04/2016 pela manhã
-23.2136155,-45.8548204,24/04/2016 pela manhã
-23.2396616,-45.9109689,25/04/2016 pela manhã
-23.2295404,-45.8998572,26/04/2016 pela manhã
-23.2232866,-45.8846796,26/04/2016 a tarde
-23.2183065,-45.8934451,27/04/2016 a noite
-23.1950341,-45.8991633,27/04/2016 a noite
-23.2280193,-45.9030477,28/04/2016 a tarde
-23.248012,-45.9043255,29/04/2016 a tarde
-23.2180418,-45.7469763,29/04/2016 a noite
-23.2270164,-45.9010233,30/04/2016 a noite
-23.100662,-45.70192309999999,01/04/2016 em hora incerta
-23.2379503,-45.8838425,05/04/2016 em hora incerta
-23.2237576,-45.8885868,07/04/2016 em hora incerta
-23.237563,-45.9127258,12/04/2016 em hora incerta
-23.237563,-45.9127258,12/04/2016 em hora incerta
-23.241279,-45.8992401,23/04/2016 em hora incerta
-23.241279,-45.8992401,23/04/2016 em hora incerta
-23.0264549,-45.54127709999999,31/03/2016 a noite
-22.5736711,-44.9609459,03/04/2016 de madrugada
-22.9230288,-45.45024129999999,04/04/2016 a noite
-22.8419766,-45.2319982,05/04/2016 a noite
-22.7455694,-45.1067725,06/04/2016 pela manhã
-23.2237962,-45.9101623,06/04/2016 pela manhã
-23.2060189,-45.8540259,06/04/2016 a noite
-23.095353,-45.70661150000001,08/04/2016 a noite
-23.1738678,-45.8394651,09/04/2016 de madrugada
-23.1779425,-45.8589425,09/04/2016 de madrugada
-23.2566912,-45.91693129999999,10/04/2016 de madrugada
-23.2584995,-45.9138517,10/04/2016 de madrugada
-23.2792522,-45.8991963,11/04/2016 de madrugada
-23.3004313,-45.9639612,11/04/2016 pela manhã
-23.2187597,-45.8897146,11/04/2016 pela manhã
-23.2981884,-45.9570628,11/04/2016 pela manhã
-23.2208565,-45.90616,12/04/2016 pela manhã
-23.7861237,-45.5942992,12/04/2016 pela manhã
-23.232575,-45.9230416,12/04/2016 a tarde
-23.0980417,-45.7063585,13/04/2016 a noite
-23.1571555,-45.8954969,13/04/2016 a tarde
-23.198421,-45.9033364,13/04/2016 a noite
-23.1766868,-45.8887236,14/04/2016 pela manhã
-23.1642673,-45.8982898,15/04/2016 a noite
-23.2222698,-45.9038505,17/04/2016 a tarde
-23.1989381,-45.893013,17/04/2016 a noite
-23.2145053,-45.9088143,17/04/2016 a tarde
-22.9390381,-45.4814647,19/04/2016 a noite
-23.2774156,-45.89040749999999,19/04/2016 a tarde
-23.0282558,-45.5491855,19/04/2016 pela manhã
-23.1141525,-45.7118974,20/04/2016 pela manhã
-23.1941075,-45.877774,21/04/2016 pela manhã
-23.2557739,-45.9004693,21/04/2016 de madrugada
-23.2178084,-45.305899,21/04/2016 de madrugada
-23.2291442,-45.9216811,21/04/2016 a noite
-23.4347408,-45.0755638,23/04/2016 a noite
-23.0352839,-45.559101,23/04/2016 a noite
-23.1090242,-45.7106167,23/04/2016 pela manhã
-23.439194,-45.0698131,23/04/2016 a noite
-23.2292739,-45.886926,24/04/2016 pela manhã
-23.0080252,-45.5216692,24/04/2016 de madrugada
-23.0638927,-45.7181027,24/04/2016 de madrugada
-23.1099705,-45.7098483,25/04/2016 a noite
-23.0240915,-45.5533987,25/04/2016 a tarde
-23.3025988,-45.9656569,25/04/2016 a noite
-23.2177812,-45.896953,26/04/2016 de madrugada
-23.118529,-45.7201098,26/04/2016 a tarde
-23.0957361,-45.7023269,27/04/2016 de madrugada
-23.1964206,-45.8783227,27/04/2016 a tarde
-23.6975125,-45.4406951,28/04/2016 a noite
-23.2633552,-45.912231,29/04/2016 a noite
-23.250587,-45.89116809999999,30/04/2016 a noite
-23.258073,-45.8834683,30/04/2016 a noite
-23.0877756,-45.1908769,09/04/2016 pela manhã
-22.958585,-45.8370299,29/04/2016 a tarde
-23.3081214,-46.0558031,11/04/2016 pela manhã
-23.3081214,-46.0558031,11/04/2016 pela manhã
-23.3081214,-46.0558031,11/04/2016 pela manhã
-23.1916023,-45.88537849999999,11/04/2016 pela manhã
-23.1916023,-45.88537849999999,11/04/2016 pela manhã
-23.1463357,-45.7804325,19/04/2016 a tarde
-23.0680923,-45.6377193,07/04/2016 a tarde
-23.0680923,-45.6377193,07/04/2016 a tarde
-23.0680923,-45.6377193,07/04/2016 a tarde
-22.7913739,-45.6211972,20/04/2016 a noite
-23.2222127,-45.8983095,18/04/2016 de madrugada
-23.2222127,-45.8983095,19/04/2016 de madrugada
-23.2308474,-45.9166382,11/04/2016 pela manhã
-23.2786376,-45.9800042,28/04/2016 pela manhã
-23.2786376,-45.9800042,28/04/2016 pela manhã
-23.4068289,-45.88785740000001,08/04/2016 a noite
-23.0316199,-45.6205183,14/04/2016 a noite
-22.7946735,-45.18387,13/04/2016 pela manhã
-23.2024992,-45.882107,11/04/2016 pela manhã
-23.4086512,-45.88811889999999,18/04/2016 pela manhã
-23.4086512,-45.88811889999999,18/04/2016 pela manhã
-23.1894642,-45.8773755,12/04/2016 pela manhã
-22.9994121,-45.4983818,04/04/2016 a noite
-23.0346154,-45.6025788,28/04/2016 pela manhã
-22.9277983,-45.3703808,27/04/2016 a noite
-23.1565326,-45.8974105,06/04/2016 a tarde
-22.9398286,-45.4060063,26/04/2016 a noite
-23.1883305,-45.8574666,07/04/2016 de madrugada
-23.1369692,-45.7652513,11/04/2016 a tarde
-23.1369692,-45.7652513,11/04/2016 a tarde
-23.0683191,-45.6381766,07/04/2016 de madrugada
-23.0683191,-45.6381766,07/04/2016 de madrugada
-23.0683191,-45.6381766,07/04/2016 de madrugada
-23.2843337,-45.9704707,01/04/2016 pela manhã
-22.5530219,-44.9239294,05/04/2016 a noite
-22.6162287,-44.9720222,18/04/2016 a noite
-23.0683625,-45.5753396,01/04/2016 a noite
-22.792542,-45.2098199,27/04/2016 a tarde
-23.2928709,-45.9797735,28/04/2016 pela manhã
-22.9668442,-45.5384051,10/04/2016 a noite
-22.9934779,-45.5423641,10/04/2016 de madrugada
-22.9440505,-45.4586973,05/04/2016 de madrugada
-23.0151101,-45.5709771,07/04/2016 pela manhã
-23.0387115,-45.5551793,25/04/2016 pela manhã
-23.2001458,-45.8592343,01/04/2016 a noite
-23.183773,-45.8322844,08/04/2016 a noite
-23.3106364,-45.9513308,25/04/2016 a noite
-23.3106364,-45.9513308,25/04/2016 a noite
-23.2009545,-45.9568576,11/04/2016 pela manhã
-23.244056,-45.8924482,11/04/2016 a noite
-23.255226,-45.9078285,04/04/2016 a noite
-23.255226,-45.9078285,04/04/2016 a noite
-23.3001497,-45.9392169,06/04/2016 pela manhã
-23.0170054,-45.5517613,25/04/2016 de madrugada
-23.8181721,-45.4088027,01/04/2016 de madrugada
-23.3181098,-45.9264175,13/04/2016 de madrugada
-23.217228,-45.7959168,26/04/2016 a noite
-23.217228,-45.7959168,26/04/2016 a noite
-23.2159362,-45.8503695,27/04/2016 a noite
-23.3017906,-45.95906129999999,14/04/2016 a tarde
-23.2089863,-45.7799945,28/04/2016 pela manhã
-23.2061457,-45.8881959,25/04/2016 pela manhã
-23.2955757,-45.9397056,20/04/2016 pela manhã
-22.9407864,-45.4097061,19/04/2016 em hora incerta
-22.9407864,-45.4097061,19/04/2016 em hora incerta
-22.9238952,-45.4434315,20/04/2016 a noite
-22.9238952,-45.4434315,21/04/2016 a noite
-23.2630481,-45.8847508,27/04/2016 pela manhã
-23.2491163,-45.8887755,29/04/2016 a tarde
-23.3681761,-46.0291817,06/04/2016 a noite
-23.3102744,-45.98799959999999,07/04/2016 a noite
-23.2707869,-45.9400241,09/04/2016 pela manhã
-23.205199,-46.1562433,10/04/2016 de madrugada
-23.3207383,-46.0919526,12/04/2016 a noite
-23.3207383,-46.0919526,12/04/2016 a noite
-23.3106364,-45.9513308,13/04/2016 a noite
-23.3039692,-45.9660107,13/04/2016 a noite
-23.4550278,-46.5379673,28/04/2016 a noite
-23.2857444,-45.9607395,16/04/2016 pela manhã
-23.292863,-45.9602786,17/04/2016 de madrugada
-23.2741647,-45.9538696,17/04/2016 a noite
-23.2757303,-45.9520511,17/04/2016 a noite
-23.3059671,-45.9675916,19/04/2016 a noite
-23.2795783,-45.9448873,21/04/2016 pela manhã
-22.838472,-45.2581286,11/04/2016 a noite
-23.3025988,-45.9656569,22/04/2016 pela manhã
-23.2670753,-45.9406494,22/04/2016 pela manhã
-22.8404509,-45.2301127,15/04/2016 a noite
-23.1511883,-45.78306629999999,02/04/2016 a noite
-23.1073803,-45.6979568,05/04/2016 a noite
-23.2799594,-45.9443561,28/04/2016 a noite
-23.2909951,-45.9584441,28/04/2016 a noite
-23.2045707,-46.0145008,28/04/2016 a tarde
-23.2045707,-46.0145008,28/04/2016 a tarde
-23.2045707,-46.0145008,28/04/2016 a tarde
-23.1019883,-45.7085121,05/04/2016 a noite
-23.0324447,-45.6041463,07/04/2016 a noite
-23.0683191,-45.6381766,09/04/2016 de madrugada
-23.0863692,-45.7099796,11/04/2016 a noite
-23.0863692,-45.7099796,11/04/2016 a noite
-23.3084885,-46.0567217,15/04/2016 pela manhã
-23.096062,-45.6984589,19/04/2016 pela manhã
-23.2549034,-45.6924523,20/04/2016 a noite
-23.0976543,-45.6817854,21/04/2016 de madrugada
-23.0484207,-45.5719936,05/04/2016 de madrugada
-23.0465624,-45.5676905,05/04/2016 a noite
-23.1463771,-45.7188889,25/04/2016 pela manhã
-23.0027232,-45.5435117,07/04/2016 de madrugada
-23.0995774,-45.6970921,25/04/2016 a noite
-23.00478,-45.5274661,28/04/2016 a noite
-23.023347,-45.5848433,15/04/2016 de madrugada
-23.034354,-45.5391613,15/04/2016 a noite
-23.0351417,-45.57839209999999,17/04/2016 a tarde
-23.0628743,-45.5740888,20/04/2016 a noite
-23.0262302,-45.543102,21/04/2016 a noite
-23.0366744,-45.5633624,25/04/2016 a noite
-23.0315624,-45.6189926,26/04/2016 a noite
-23.0242766,-45.5845577,26/04/2016 a noite
-23.4336578,-45.0838481,12/04/2016 a noite
-23.1126136,-45.9170626,02/04/2016 a noite
-23.4215905,-45.0630141,17/04/2016 a noite
-23.2025505,-45.88698189999999,05/04/2016 a noite
-23.3990125,-45.03682130000001,19/04/2016 a tarde
-23.1896576,-45.88976479999999,06/04/2016 a noite
-23.4336578,-45.0838481,21/04/2016 de madrugada
-23.2563636,-45.8344026,01/04/2016 a noite
-23.2513242,-45.8963328,01/04/2016 pela manhã
-23.2854185,-45.8914892,01/04/2016 de madrugada
-23.2502237,-45.9090547,02/04/2016 a noite
-23.5204172,-45.2066334,26/04/2016 a noite
-23.2390665,-45.8228622,11/04/2016 a noite
-23.6570427,-46.7763055,02/04/2016 a noite
-23.2292393,-45.9036805,03/04/2016 a tarde
-23.2292393,-45.9036805,03/04/2016 a tarde
-23.2292393,-45.9036805,03/04/2016 a tarde
-23.2292393,-45.9036805,03/04/2016 a tarde
-23.2618294,-45.8857361,04/04/2016 a noite
-23.2226728,-45.8994095,04/04/2016 pela manhã
-23.62909,-45.4153308,24/04/2016 de madrugada
-23.2810225,-45.90192039999999,04/04/2016 pela manhã
-23.151922,-45.7835447,06/04/2016 a tarde
-23.180103,-45.8507042,07/04/2016 de madrugada
-23.1985235,-45.8773345,15/04/2016 pela manhã
-23.2550604,-45.9341261,07/04/2016 pela manhã
-23.1645481,-45.8921347,16/04/2016 de madrugada
-23.2407749,-45.8298271,07/04/2016 a noite
-23.2127658,-45.8122842,09/04/2016 a noite
-23.2809577,-45.902921,10/04/2016 de madrugada
-23.2652758,-45.9052154,13/04/2016 de madrugada
-23.1500592,-45.8978394,23/04/2016 a noite
-23.2541902,-45.9191648,15/04/2016 a tarde
-23.2315445,-45.9253052,15/04/2016 a noite
-23.2450261,-45.90285060000001,16/04/2016 de madrugada
-23.2292393,-45.9036805,25/04/2016 a tarde
-23.2292393,-45.9036805,25/04/2016 a tarde
-23.2292393,-45.9036805,25/04/2016 a tarde
-23.2292393,-45.9036805,25/04/2016 a tarde
-23.196143,-45.89212570000001,25/04/2016 a noite
-23.196143,-45.89212570000001,25/04/2016 a noite
-23.2611334,-45.9002493,16/04/2016 de madrugada
-23.2810063,-45.901287,18/04/2016 de madrugada
-23.2592023,-45.8974091,18/04/2016 pela manhã
-23.2592023,-45.8974091,18/04/2016 pela manhã
-23.2527493,-45.9251332,18/04/2016 pela manhã
-23.1806179,-45.8512336,28/04/2016 a noite
-23.2832541,-45.8979952,19/04/2016 de madrugada
-23.1940257,-45.867951,19/04/2016 a noite
-23.2548838,-45.9246322,20/04/2016 pela manhã
-23.2577107,-45.9105968,20/04/2016 a tarde
-23.2566543,-45.92670649999999,20/04/2016 a noite
-23.1778629,-45.8898299,30/04/2016 a noite
-23.2544508,-45.895414,21/04/2016 a noite
-23.2509599,-45.9093896,22/04/2016 de madrugada
-23.246197,-45.8921802,22/04/2016 de madrugada
-23.2633552,-45.912231,23/04/2016 a tarde
-23.1768898,-45.7975046,25/04/2016 a noite
-23.230817,-45.8802108,25/04/2016 a noite
-23.230817,-45.8802108,25/04/2016 a noite
-23.2516104,-45.9265413,26/04/2016 pela manhã
-23.2507077,-45.92327299999999,29/04/2016 pela manhã
-23.254999,-45.9087121,29/04/2016 pela manhã
-23.1541674,-45.7897214,02/04/2016 de madrugada
-23.1541674,-45.7897214,02/04/2016 de madrugada
-22.5148386,-44.7015422,06/04/2016 a noite
-23.3081214,-46.0558031,09/04/2016 pela manhã
-23.3081214,-46.0558031,09/04/2016 pela manhã
-23.3081214,-46.0558031,09/04/2016 pela manhã
-22.9427384,-45.4157011,20/04/2016 a tarde
-22.9427384,-45.4157011,20/04/2016 a tarde
-23.2164167,-45.8488479,05/04/2016 a noite
-23.0352573,-45.5781809,07/04/2016 de madrugada
-23.2933592,-45.987886,16/05/2016 a noite
-22.6691143,-44.8513169,01/05/2016 de madrugada
-22.6764516,-44.8589591,12/05/2016 a tarde
-22.6436729,-44.5819381,23/05/2016 de madrugada
-23.376241,-45.443494,16/05/2016 a noite
-23.2660565,-45.9609689,12/05/2016 a noite
-22.5802418,-44.959172,02/05/2016 a tarde
-23.574221,-45.32354050000001,03/05/2016 em hora incerta
-22.5676448,-44.9331609,03/05/2016 de madrugada
-22.5837864,-44.9749333,04/05/2016 pela manhã
-23.2081057,-46.1548501,16/05/2016 a noite
-22.5106749,-44.8990246,06/05/2016 de madrugada
-22.6650996,-45.0116583,06/05/2016 de madrugada
-22.5835158,-44.9724649,11/05/2016 pela manhã
-23.2217383,-45.8850486,13/05/2016 de madrugada
-22.6150081,-45.1838324,31/05/2016 de madrugada
-23.0226769,-45.5585768,02/05/2016 a noite
-22.7145749,-45.732125,24/05/2016 de madrugada
-23.0376463,-45.6190737,13/05/2016 de madrugada
-22.9927161,-45.5622562,17/05/2016 de madrugada
-23.1784668,-45.8874323,11/05/2016 pela manhã
-23.2218634,-45.9065898,24/05/2016 pela manhã
-23.182872,-45.87128449999999,12/05/2016 pela manhã
-23.1873801,-45.874363,13/05/2016 a noite
-23.1856322,-45.8717341,13/05/2016 pela manhã
-23.3905441,-45.65965449999999,01/05/2016 de madrugada
-23.1855331,-45.86847909999999,17/05/2016 pela manhã
-23.0738279,-44.9551631,16/05/2016 a noite
-23.2012564,-45.8557864,18/05/2016 pela manhã
-23.1893913,-45.8741403,25/05/2016 a tarde
-22.7694163,-45.20727840000001,23/05/2016 a tarde
-22.926431,-45.4633622,24/05/2016 pela manhã
-23.1740283,-45.8472411,02/05/2016 de madrugada
-23.1736872,-45.8489628,02/05/2016 de madrugada
-23.1640462,-45.902586,05/05/2016 pela manhã
-23.1640462,-45.902586,05/05/2016 pela manhã
-22.6650996,-45.0116583,06/05/2016 de madrugada
-22.6686368,-45.01306779999999,06/05/2016 pela manhã
-23.1531005,-45.9157325,11/05/2016 pela manhã
-22.6702046,-44.998344,06/05/2016 a tarde
-23.1610123,-45.91601319999999,11/05/2016 pela manhã
-23.1114937,-45.9144644,12/05/2016 pela manhã
-23.1770157,-45.8733021,09/05/2016 pela manhã
-23.1605066,-45.8996688,16/05/2016 pela manhã
-23.2009345,-45.85962929999999,12/05/2016 de madrugada
-23.1733198,-45.8797071,18/05/2016 a tarde
-22.5789925,-44.9589365,01/05/2016 pela manhã
-23.2970616,-45.9826559,13/05/2016 a tarde
-23.2145211,-46.0048871,25/05/2016 a tarde
-23.1593206,-45.89362140000001,30/05/2016 a noite
-22.5800752,-44.9751351,14/05/2016 a noite
-23.3128123,-46.0101772,24/05/2016 em hora incerta
-22.5725033,-44.956196,20/05/2016 a tarde
-22.5864591,-44.9700666,22/05/2016 a noite
-22.8183172,-45.1963657,07/05/2016 a tarde
-22.6650996,-45.0116583,16/05/2016 a noite
-23.0446812,-45.562047,06/05/2016 de madrugada
-22.8328357,-45.2173204,25/05/2016 de madrugada
-22.8150148,-45.1971877,26/05/2016 a noite
-23.0279854,-45.57998449999999,11/05/2016 pela manhã
-22.8160447,-45.1853372,29/05/2016 a tarde
-22.9906911,-45.5606157,05/05/2016 de madrugada
-22.8065216,-45.1808948,29/05/2016 de madrugada
-22.9576323,-45.5479616,05/05/2016 a noite
-22.9687936,-45.5565341,06/05/2016 pela manhã
-23.0270838,-45.5319825,20/05/2016 pela manhã
-23.2927243,-45.9658843,03/05/2016 em hora incerta
-23.2986893,-45.9737433,04/05/2016 de madrugada
-22.9878213,-45.5490182,17/05/2016 de madrugada
-23.015644,-45.5784946,05/05/2016 de madrugada
-23.0237975,-45.5539988,05/05/2016 a tarde
-23.0368426,-45.6186081,04/05/2016 pela manhã
-23.0238296,-45.5511775,04/05/2016 pela manhã
-23.0391728,-45.5745618,04/05/2016 pela manhã
-22.9988346,-45.5503112,10/05/2016 pela manhã
-23.1230896,-45.7270281,05/05/2016 a tarde
-22.99727,-45.5305134,15/05/2016 de madrugada
-22.99727,-45.5305134,15/05/2016 de madrugada
-23.3053105,-45.9447497,16/05/2016 de madrugada
-23.0262035,-45.5574249,06/05/2016 de madrugada
-23.1778716,-45.8212968,02/05/2016 de madrugada
-23.2853257,-45.9690344,17/05/2016 de madrugada
-23.1715983,-45.80357679999999,03/05/2016 de madrugada
-23.3047844,-45.97118039999999,17/05/2016 pela manhã
-23.1690949,-45.8148928,03/05/2016 de madrugada
-23.0326059,-45.5597644,06/05/2016 a tarde
-23.1690949,-45.8148928,03/05/2016 de madrugada
-22.7317836,-45.12221230000001,10/05/2016 a noite
-22.7317836,-45.12221230000001,10/05/2016 a noite
-22.7410396,-45.1186313,13/05/2016 a noite
-23.3025988,-45.9656569,24/05/2016 pela manhã
-23.016369,-45.5824287,17/05/2016 de madrugada
-23.0422266,-45.5640899,12/05/2016 pela manhã
-23.3055703,-45.9698168,24/05/2016 pela manhã
-22.7424727,-45.5970476,14/05/2016 a noite
-22.955779,-45.5074401,20/05/2016 em hora incerta
-23.0025345,-45.5655721,19/05/2016 de madrugada
-23.0112259,-45.569161,19/05/2016 pela manhã
-23.0433856,-45.5763019,13/05/2016 a tarde
-23.0094571,-45.5583913,19/05/2016 a tarde
-22.7337997,-45.1204337,17/05/2016 a noite
-23.3090425,-45.941862,02/05/2016 de madrugada
-22.9309731,-45.4655481,31/05/2016 pela manhã
-23.3032591,-45.9736913,31/05/2016 pela manhã
-23.0193845,-45.5731182,23/05/2016 de madrugada
-23.0337789,-45.5656427,18/05/2016 a tarde
-23.0208577,-45.56066269999999,23/05/2016 pela manhã
-23.2287534,-45.88796319999999,04/05/2016 de madrugada
-23.0357796,-45.5604492,23/05/2016 de madrugada
-23.2529745,-45.8840369,04/05/2016 de madrugada
-23.190079,-45.79323840000001,16/05/2016 a noite
-23.0138534,-45.5600695,24/05/2016 a noite
-23.1927956,-45.7899287,17/05/2016 de madrugada
-23.2058713,-45.85412059999999,17/05/2016 de madrugada
-22.9234758,-45.4691988,05/05/2016 a noite
-22.9382453,-45.458474,06/05/2016 a tarde
-23.2309151,-45.8884041,10/05/2016 a noite
-22.9279548,-45.4623242,07/05/2016 pela manhã
-22.7482243,-45.1220406,29/05/2016 a noite
-23.2185151,-45.8936552,12/05/2016 a noite
-23.2752244,-45.9507981,12/05/2016 de madrugada
-23.2037271,-45.8955574,13/05/2016 a noite
-23.2106147,-45.8078034,24/05/2016 a noite
-22.9473252,-45.4052897,13/05/2016 a noite
-23.2485746,-45.8887352,17/05/2016 de madrugada
-23.2379009,-45.8848078,20/05/2016 pela manhã
-22.9419567,-45.4109095,15/05/2016 em hora incerta
-23.2183065,-45.8934451,20/05/2016 em hora incerta
-23.2217286,-45.89068169999999,23/05/2016 de madrugada
-23.218779,-45.8538201,30/05/2016 a noite
-23.7873659,-45.5657785,06/05/2016 a tarde
-23.2220722,-45.8956546,24/05/2016 de madrugada
-23.2509925,-45.83136589999999,31/05/2016 a noite
-23.3008193,-45.9580955,24/05/2016 de madrugada
-22.9279916,-45.4622695,21/05/2016 pela manhã
-23.233401,-45.8849166,30/05/2016 de madrugada
-23.3079844,-45.9397318,25/05/2016 pela manhã
-23.3024617,-45.9605209,25/05/2016 a noite
-22.9264325,-45.4623567,28/05/2016 pela manhã
-22.9493743,-45.4758851,28/05/2016 a noite
-23.3181172,-45.93633920000001,01/05/2016 pela manhã
-23.8129971,-45.3627309,29/05/2016 em hora incerta
-23.2945385,-45.9546178,01/05/2016 a noite
-23.2658138,-45.9340429,02/05/2016 em hora incerta
-23.3039692,-45.9660107,04/05/2016 a noite
-23.2917802,-45.9570284,04/05/2016 a noite
-23.3116217,-46.0087872,05/05/2016 em hora incerta
-23.3291158,-45.9960811,05/05/2016 a noite
-23.3142177,-45.9248729,08/05/2016 a noite
-23.3074481,-46.027041,08/05/2016 de madrugada
-23.3026539,-45.9752198,08/05/2016 a noite
-23.3050756,-46.0215489,11/05/2016 de madrugada
-23.2600376,-45.9635887,14/05/2016 de madrugada
-23.3958467,-45.8794315,14/05/2016 de madrugada
-23.3041119,-45.9622705,15/05/2016 em hora incerta
-22.8278414,-45.2187359,09/05/2016 de madrugada
-23.3015113,-45.9822286,18/05/2016 a noite
-22.8204474,-45.19410999999999,10/05/2016 a noite
-22.8204474,-45.19410999999999,10/05/2016 a noite
-23.3034128,-45.9595914,19/05/2016 a noite
-23.3084148,-45.96976009999999,20/05/2016 a noite
-23.3113776,-45.9830621,21/05/2016 pela manhã
-23.2917802,-45.9570284,21/05/2016 pela manhã
-23.2911504,-45.95620599999999,22/05/2016 pela manhã
-23.2976841,-45.9836259,22/05/2016 de madrugada
-23.277214,-45.950996,22/05/2016 em hora incerta
-23.3035904,-45.9649826,22/05/2016 em hora incerta
-23.3040453,-45.96395099999999,23/05/2016 a noite
-23.2345523,-45.9148553,23/05/2016 a tarde
-22.8470593,-45.2296241,16/05/2016 a noite
-23.2635152,-45.94906659999999,26/05/2016 a tarde
-23.3036891,-45.97938389999999,26/05/2016 pela manhã
-23.2940328,-45.9863772,26/05/2016 a noite
-23.7243389,-45.42263759999999,08/05/2016 de madrugada
-23.2031571,-45.8908577,04/05/2016 pela manhã
-23.318346,-45.9357349,27/05/2016 de madrugada
-23.318346,-45.9357349,27/05/2016 de madrugada
-23.1791653,-45.8515504,15/05/2016 de madrugada
-23.2992472,-45.9311746,27/05/2016 a tarde
-23.7261058,-45.4518066,16/05/2016 de madrugada
-22.8486431,-45.2284267,28/05/2016 de madrugada
-23.0691279,-45.7115456,06/05/2016 de madrugada
-23.1041238,-45.7069236,11/05/2016 pela manhã
-23.1008733,-45.6865173,11/05/2016 a noite
-23.093315,-45.7027437,16/05/2016 a noite
-23.1015513,-45.7023295,18/05/2016 em hora incerta
-23.1029525,-45.7118538,19/05/2016 de madrugada
-23.0177708,-45.5734023,01/05/2016 a noite
-23.0290591,-45.5504871,01/05/2016 a noite
-23.0958254,-45.7016418,19/05/2016 pela manhã
-23.0971557,-45.7100667,20/05/2016 a noite
-23.0303969,-45.5560768,01/05/2016 a noite
-23.0330175,-45.5703868,03/05/2016 a noite
-23.1198931,-45.7106347,24/05/2016 de madrugada
-23.1153989,-45.7048272,24/05/2016 de madrugada
-23.0138033,-45.5192629,07/05/2016 a noite
-23.0298134,-45.5726129,07/05/2016 de madrugada
-23.005371,-45.5599002,07/05/2016 pela manhã
-23.0264491,-45.5468023,07/05/2016 a noite
-23.0295527,-45.5509488,08/05/2016 de madrugada
-23.0176156,-45.5729979,08/05/2016 de madrugada
-23.109538,-45.7087304,29/05/2016 de madrugada
-23.0032665,-45.5535927,11/05/2016 de madrugada
-23.0923533,-45.7032785,30/05/2016 pela manhã
-23.124325,-45.7107983,31/05/2016 a noite
-22.99727,-45.5305134,13/05/2016 de madrugada
-23.0302616,-45.55302409999999,14/05/2016 pela manhã
-23.034165,-45.5663631,15/05/2016 de madrugada
-23.0011721,-45.5293576,15/05/2016 pela manhã
-23.0286626,-45.5667717,15/05/2016 a tarde
-23.0091706,-45.5779492,16/05/2016 de madrugada
-23.0199024,-45.5409032,18/05/2016 de madrugada
-23.0181043,-45.5579943,18/05/2016 a noite
-23.0322931,-45.560484,19/05/2016 a noite
-23.0471409,-45.6305582,20/05/2016 a noite
-23.0294164,-45.5638019,20/05/2016 a noite
-23.0240079,-45.5758719,21/05/2016 a noite
-23.0004296,-45.5504228,21/05/2016 pela manhã
-23.000099,-45.5343477,21/05/2016 a noite
-23.7157669,-45.4369848,02/05/2016 a noite
-23.6193025,-45.4001556,02/05/2016 em hora incerta
-22.9423088,-45.4633548,22/05/2016 pela manhã
-23.0258678,-45.5528617,22/05/2016 pela manhã
-23.0233743,-45.55779099999999,22/05/2016 pela manhã
-23.6907386,-45.43766309999999,02/05/2016 em hora incerta
-23.0195199,-45.5525551,22/05/2016 de madrugada
-23.4348563,-45.0799119,15/05/2016 de madrugada
-23.0090831,-45.5779187,26/05/2016 de madrugada
-23.02244,-45.5674913,27/05/2016 de madrugada
-23.0148081,-45.519303,27/05/2016 a tarde
-23.009955,-45.5428343,27/05/2016 a noite
-23.0349088,-45.5366153,28/05/2016 a noite
-23.0246209,-45.5495665,28/05/2016 pela manhã
-23.011694,-45.59091,28/05/2016 de madrugada
-23.0101063,-45.5404053,28/05/2016 a noite
-23.0203936,-45.5752613,29/05/2016 pela manhã
-23.0281902,-45.5507476,29/05/2016 de madrugada
-23.008608,-45.5573548,29/05/2016 a noite
-23.014644,-45.5813634,30/05/2016 em hora incerta
-23.0288876,-45.55068139999999,30/05/2016 de madrugada
-23.4212763,-45.0756161,28/05/2016 de madrugada
-23.0079689,-45.555009,31/05/2016 a noite
-23.6234733,-45.3964009,17/05/2016 de madrugada
-23.2312734,-45.8993305,17/05/2016 a noite
-23.1546974,-45.7907685,01/05/2016 pela manhã
-23.5842714,-45.3432153,21/05/2016 a noite
-23.1964738,-45.8974176,01/05/2016 a tarde
-23.6806697,-45.4470527,22/05/2016 a noite
-23.1981655,-45.8835372,01/05/2016 a noite
-23.2295382,-45.91365889999999,01/05/2016 a noite
-23.1418397,-45.782678,01/05/2016 a noite
-23.2008326,-45.8611709,02/05/2016 a noite
-23.179867,-45.8545144,02/05/2016 a noite
-23.178937,-45.8768167,03/05/2016 pela manhã
-23.5917057,-45.3380733,25/05/2016 pela manhã
-23.1970255,-45.8907547,03/05/2016 pela manhã
-23.2171368,-45.9102888,04/05/2016 a noite
-23.2073732,-45.8977972,04/05/2016 a noite
-23.163025,-45.8921091,05/05/2016 de madrugada
-23.2438397,-45.9043045,30/05/2016 a tarde
-23.144244,-45.9018521,06/05/2016 em hora incerta
-23.1114937,-45.9144644,07/05/2016 pela manhã
-23.1982274,-45.881453,07/05/2016 a noite
-23.1507277,-45.9006435,08/05/2016 de madrugada
-23.1601816,-45.8976329,08/05/2016 pela manhã
-23.2033972,-45.9004792,09/05/2016 a noite
-23.2129479,-45.8499834,10/05/2016 a tarde
-23.1858697,-45.88496989999999,10/05/2016 a noite
-23.1974699,-45.9015545,10/05/2016 a noite
-23.2321783,-45.8882481,01/05/2016 a noite
-23.2775388,-45.8982199,01/05/2016 pela manhã
-23.2383527,-45.90404210000001,01/05/2016 a tarde
-23.2542275,-45.8852283,01/05/2016 de madrugada
-23.2542275,-45.8852283,01/05/2016 de madrugada
-23.233265,-45.9135356,01/05/2016 a tarde
-23.233265,-45.9135356,01/05/2016 a tarde
-23.233265,-45.9135356,01/05/2016 a tarde
-23.2808144,-45.8966477,02/05/2016 de madrugada
-23.2328778,-45.9043618,02/05/2016 de madrugada
-23.248012,-45.9043255,02/05/2016 a tarde
-23.2189838,-45.9097869,03/05/2016 a tarde
-23.2334052,-45.9062272,03/05/2016 de madrugada
-23.2733221,-45.8882038,04/05/2016 pela manhã
-23.1652222,-45.8912056,15/05/2016 em hora incerta
-23.1605066,-45.8996688,15/05/2016 pela manhã
-23.1917109,-45.8771977,15/05/2016 pela manhã
-23.2230427,-45.9068424,15/05/2016 pela manhã
-23.161074,-45.9172501,15/05/2016 a noite
-23.2414177,-45.9070489,05/05/2016 a noite
-23.1758029,-45.8125645,06/05/2016 em hora incerta
-23.2708874,-45.890257,06/05/2016 de madrugada
-23.2875663,-45.8920979,06/05/2016 de madrugada
-23.1789265,-45.8869027,16/05/2016 em hora incerta
-23.1938698,-45.8942215,17/05/2016 a noite
-23.1933713,-45.8901531,17/05/2016 a tarde
-23.1733198,-45.8797071,17/05/2016 a tarde
-23.2684873,-45.88449079999999,07/05/2016 a noite
-23.2165047,-45.89590219999999,07/05/2016 a noite
-23.1977428,-45.8914701,18/05/2016 a tarde
-23.1832129,-45.8879218,18/05/2016 a tarde
-23.1732412,-45.8898157,18/05/2016 a noite
-23.2510567,-45.9034022,08/05/2016 pela manhã
-23.2077996,-45.8977271,18/05/2016 a noite
-23.2513481,-45.9032754,08/05/2016 pela manhã
-23.2298197,-45.90077100000001,08/05/2016 a tarde
-23.2530232,-45.8859602,08/05/2016 a noite
-23.200319,-45.8936255,19/05/2016 a tarde
-23.2077552,-45.8926804,19/05/2016 a noite
-23.2654268,-45.9072769,09/05/2016 a noite
-23.2345616,-45.9153398,10/05/2016 pela manhã
-23.2607555,-45.88389710000001,10/05/2016 de madrugada
-23.2606479,-45.9133685,11/05/2016 em hora incerta
-23.2015165,-45.8824722,22/05/2016 pela manhã
-23.2425782,-45.9104693,11/05/2016 a noite
-23.2495309,-45.9028138,11/05/2016 de madrugada
-23.2495309,-45.9028138,11/05/2016 de madrugada
-23.1989581,-45.8949945,23/05/2016 a tarde
-23.2047375,-45.9027836,23/05/2016 a noite
-23.2697589,-45.8918426,12/05/2016 a tarde
-23.1732334,-45.8366653,25/05/2016 pela manhã
-23.261267,-45.9002874,13/05/2016 a noite
-23.2312734,-45.8993305,13/05/2016 a noite
-23.2563282,-45.9103771,13/05/2016 a noite
-23.2277158,-45.9007875,14/05/2016 em hora incerta
-23.2460318,-45.9175405,14/05/2016 a noite
-23.1896785,-45.8792604,26/05/2016 em hora incerta
-23.1795824,-45.88703820000001,26/05/2016 pela manhã
-23.1971669,-45.8887182,26/05/2016 a tarde
-23.2027086,-45.9015214,26/05/2016 em hora incerta
-23.2026364,-45.9009025,26/05/2016 a tarde
-23.1961307,-45.8787953,26/05/2016 em hora incerta
-23.1390373,-45.7828684,26/05/2016 a noite
-23.2026364,-45.9009025,26/05/2016 a tarde
-23.1593206,-45.89362140000001,26/05/2016 a noite
-23.184002,-45.8853993,27/05/2016 a noite
-23.1732334,-45.8366653,27/05/2016 pela manhã
-23.2768911,-45.8971033,15/05/2016 pela manhã
-23.2457937,-45.9149954,16/05/2016 pela manhã
-23.2534144,-45.9037239,16/05/2016 de madrugada
-23.1824235,-45.872008,28/05/2016 pela manhã
-23.2051759,-45.9018367,28/05/2016 a noite
-23.2584241,-45.9080101,16/05/2016 em hora incerta
-23.1835752,-45.8518876,28/05/2016 a noite
-23.2592041,-45.9003543,17/05/2016 de madrugada
-23.1732535,-45.8898508,29/05/2016 a tarde
-23.2183065,-45.8934451,29/05/2016 a noite
-23.2137554,-45.8924758,17/05/2016 a noite
-23.1627247,-45.9058555,29/05/2016 a noite
-23.2131069,-45.9077224,17/05/2016 em hora incerta
-23.1789265,-45.8869027,17/05/2016 em hora incerta
-23.2485746,-45.8887352,17/05/2016 de madrugada
-23.2063423,-45.8946129,30/05/2016 a noite
-23.1981655,-45.8835372,30/05/2016 em hora incerta
-23.2591023,-45.9055204,19/05/2016 pela manhã
-23.2577282,-45.9085012,19/05/2016 de madrugada
-23.2836061,-45.89194759999999,19/05/2016 de madrugada
-23.1875243,-45.8832135,31/05/2016 pela manhã
-23.2632866,-45.8948639,19/05/2016 a noite
-23.2632866,-45.8948639,20/05/2016 a noite
-23.2437549,-45.9153197,20/05/2016 de madrugada
-23.2604616,-45.9001942,20/05/2016 a noite
-23.2534144,-45.9037239,20/05/2016 de madrugada
-23.2186449,-45.8935832,20/05/2016 a noite
-23.1667587,-45.804095,21/05/2016 a noite
-23.2553393,-45.8832601,21/05/2016 pela manhã
-23.2494825,-45.90431,22/05/2016 a tarde
-23.2437549,-45.9153197,23/05/2016 de madrugada
-23.2371631,-45.90983989999999,23/05/2016 a noite
-23.2270164,-45.9010233,23/05/2016 a noite
-23.266116,-45.8963449,24/05/2016 a noite
-23.2401703,-45.89898729999999,25/05/2016 de madrugada
-23.2205287,-45.88505989999999,25/05/2016 a noite
-23.2869757,-45.9017406,26/05/2016 de madrugada
-23.2288729,-45.90284949999999,27/05/2016 a noite
-23.2881145,-45.9042965,27/05/2016 de madrugada
-23.2533208,-45.9170952,27/05/2016 a tarde
-23.2374564,-45.9054948,27/05/2016 pela manhã
-23.243536,-45.9142585,27/05/2016 a tarde
-23.2772738,-45.8950472,27/05/2016 pela manhã
-23.2447486,-45.8891603,28/05/2016 a noite
-23.277898,-45.8882943,28/05/2016 a noite
-23.1746167,-45.8093969,28/05/2016 de madrugada
-23.2190662,-45.8853039,28/05/2016 a noite
-23.2580709,-45.8813784,29/05/2016 a noite
-23.2313134,-45.8992403,30/05/2016 a noite
-23.2633323,-45.89979530000001,31/05/2016 de madrugada
-23.1942463,-45.865097,31/05/2016 de madrugada
-23.2584336,-45.9050886,31/05/2016 a noite
-23.2187597,-45.8897146,31/05/2016 pela manhã
-23.227649,-45.885227,31/05/2016 a noite
-23.2362603,-45.8834777,06/05/2016 em hora incerta
-23.6253384,-45.4129272,16/05/2016 em hora incerta
-23.2520545,-45.88555059999999,21/05/2016 em hora incerta
-23.233401,-45.8849166,27/05/2016 em hora incerta
-23.206456,-45.85536560000001,27/05/2016 em hora incerta
-23.6905251,-45.4459868,01/05/2016 a noite
-23.241161,-45.9060181,01/05/2016 pela manhã
-23.2235028,-45.9176284,01/05/2016 a tarde
-23.2140016,-45.9070667,02/05/2016 a tarde
-23.2270504,-45.8801577,02/05/2016 pela manhã
-23.2985516,-45.9771436,02/05/2016 a tarde
-23.2631884,-45.8849972,03/05/2016 a tarde
-23.1844572,-45.8880285,04/05/2016 a tarde
-23.2583646,-45.9091037,04/05/2016 a noite
-23.1979605,-45.899668,05/05/2016 pela manhã
-23.1983586,-45.9020166,05/05/2016 pela manhã
-23.2500978,-45.8920362,05/05/2016 a noite
-23.1979743,-45.8818868,06/05/2016 a noite
-23.2031826,-45.8908685,06/05/2016 pela manhã
-23.3001716,-45.9659205,06/05/2016 a tarde
-23.2960947,-45.9657428,06/05/2016 a noite
-23.1412862,-45.7757025,08/05/2016 a noite
-23.0953581,-45.7076772,09/05/2016 pela manhã
-23.1762111,-45.8247214,11/05/2016 a noite
-23.249907,-45.8833025,11/05/2016 a noite
-23.4331995,-45.0798804,11/05/2016 a noite
-23.0975694,-45.68257879999999,12/05/2016 a noite
-23.0204699,-45.54109709999999,13/05/2016 a noite
-23.308331,-45.9385562,13/05/2016 de madrugada
-4.958338599999999,-37.1351915,13/05/2016 a noite
-23.2013673,-45.8844201,13/05/2016 a tarde
-23.1723807,-45.8901724,13/05/2016 a noite
-23.2607738,-45.8844095,14/05/2016 a noite
-23.1086582,-45.7203964,14/05/2016 a tarde
-23.307013,-46.0147459,15/05/2016 pela manhã
-22.8958283,-45.37365579999999,15/05/2016 a noite
-23.2230427,-45.9068424,16/05/2016 pela manhã
-23.2598188,-45.8796597,17/05/2016 de madrugada
-23.1926726,-45.89351250000001,17/05/2016 pela manhã
-23.265272,-45.9078078,17/05/2016 pela manhã
-22.9415595,-45.4745265,17/05/2016 a noite
-23.2057177,-45.89952419999999,18/05/2016 pela manhã
-23.1764647,-45.85906629999999,19/05/2016 pela manhã
-23.0517867,-45.6017616,19/05/2016 pela manhã
-23.2029019,-45.9011023,19/05/2016 pela manhã
-23.2192128,-45.8941932,19/05/2016 a tarde
-23.2521815,-45.9140095,20/05/2016 de madrugada
-23.2606366,-45.8835117,21/05/2016 pela manhã
-23.1076289,-45.7160282,22/05/2016 de madrugada
-23.3015883,-45.9303698,23/05/2016 a noite
-23.194521,-45.8855576,23/05/2016 a tarde
-23.2218634,-45.9065898,24/05/2016 pela manhã
-23.2132936,-45.9070136,24/05/2016 pela manhã
-23.1926726,-45.89351250000001,24/05/2016 pela manhã
-23.2026627,-45.89097539999999,25/05/2016 a tarde
-23.1942488,-45.8914213,26/05/2016 pela manhã
-23.1758837,-45.7973152,27/05/2016 de madrugada
-23.2280239,-45.9018154,27/05/2016 a noite
-23.2208763,-45.8961127,27/05/2016 pela manhã
-23.1982993,-45.8804563,27/05/2016 a noite
-22.8182501,-45.1963863,27/05/2016 a noite
-23.4336578,-45.0838481,28/05/2016 a noite
-23.22048,-45.8957225,29/05/2016 a noite
-23.2309546,-45.8882376,29/05/2016 pela manhã
-23.2050751,-45.9002826,29/05/2016 de madrugada
-23.2552879,-45.8835694,29/05/2016 a noite
-22.8517121,-45.2392339,30/05/2016 pela manhã
-23.1599908,-45.8894525,30/05/2016 de madrugada
-23.1929882,-45.8846142,30/05/2016 a noite
-22.9280116,-45.45960849999999,30/05/2016 a noite
-23.3045262,-45.957396,31/05/2016 a noite
-23.1764106,-45.8504707,31/05/2016 de madrugada
-22.6649253,-44.84857299999999,26/05/2016 a noite
-22.801133,-45.2062331,05/05/2016 a noite
-23.2661413,-45.8840169,13/05/2016 pela manhã
-23.2713231,-45.9717012,18/05/2016 a noite
-23.1985235,-45.8773345,25/05/2016 a tarde
-23.1985235,-45.8773345,25/05/2016 a tarde
-23.4532365,-45.07431039999999,12/05/2016 a noite
-22.7893045,-45.1807448,09/05/2016 a noite
-22.941858,-45.41376409999999,10/05/2016 a noite
-22.6650996,-45.0116583,02/05/2016 a tarde
-23.1403065,-45.7833246,12/05/2016 de madrugada
-23.2946787,-45.9887318,09/05/2016 de madrugada
-23.1403065,-45.7833246,12/05/2016 de madrugada
-23.1800201,-45.8516513,18/05/2016 de madrugada
-23.1620817,-45.9116855,30/05/2016 de madrugada
-23.0481301,-45.8801549,30/05/2016 a noite
-23.1768846,-46.015466,31/05/2016 pela manhã
-23.1386116,-45.764774,30/05/2016 de madrugada
-22.8161314,-45.1919024,06/05/2016 a noite
-22.8602627,-42.3455586,06/05/2016 a noite
-22.5870047,-44.96314700000001,22/05/2016 a noite
-22.5870047,-44.96314700000001,22/05/2016 a noite
-22.5870047,-44.96314700000001,22/05/2016 a noite
-22.5870047,-44.96314700000001,22/05/2016 a noite
-22.5903523,-44.9660909,25/05/2016 a noite
-22.5903523,-44.9660909,25/05/2016 a noite
-22.8201222,-45.2035797,23/05/2016 a noite
-23.0004354,-45.53598909999999,23/05/2016 a noite
-23.0237703,-45.5848297,03/05/2016 de madrugada
-23.0134352,-45.578062,05/05/2016 a noite
-23.3101196,-45.9657144,09/05/2016 a tarde
-22.9621785,-45.5524992,27/05/2016 a noite
-22.9710922,-45.5495875,28/05/2016 a noite
-23.1746547,-45.78971139999999,02/05/2016 pela manhã
-22.7251367,-45.5758879,11/05/2016 a noite
-23.042155,-45.5833313,11/05/2016 a noite
-23.0226728,-45.56290389999999,12/05/2016 a tarde
-23.2948408,-45.9652557,30/05/2016 a noite
-23.165819,-45.8066847,10/05/2016 a tarde
-23.165819,-45.8066847,10/05/2016 a tarde
-23.1126349,-45.708238,02/05/2016 pela manhã
-23.3009377,-45.9299253,03/05/2016 pela manhã
-22.7466237,-45.6047183,26/05/2016 a noite
-22.9136004,-45.36801879999999,01/05/2016 de madrugada
-23.2104966,-45.8883439,06/05/2016 a tarde
-23.2087601,-45.8846338,09/05/2016 pela manhã
-23.1849697,-45.7921126,20/05/2016 a tarde
-23.2875425,-45.9425378,13/05/2016 pela manhã
-23.2137554,-45.8924758,13/05/2016 pela manhã
-23.2198507,-45.89163509999999,16/05/2016 pela manhã
-23.3019514,-45.93259519999999,19/05/2016 pela manhã
-23.1883305,-45.8574666,25/05/2016 pela manhã
-23.2575622,-45.8817579,23/05/2016 pela manhã
-22.9301666,-45.4378498,18/05/2016 a noite
-23.1939869,-45.8683108,30/05/2016 pela manhã
-23.2675615,-45.9236464,25/05/2016 a tarde
-23.2754648,-45.9438441,31/05/2016 pela manhã
-22.9307127,-45.4634365,28/05/2016 a noite
-23.2919309,-45.9648337,01/05/2016 a noite
-23.3120481,-46.0035901,02/05/2016 a noite
-23.3016595,-45.96835069999999,03/05/2016 a noite
-23.3028932,-45.9314836,06/05/2016 a noite
-23.2718652,-45.9506553,08/05/2016 pela manhã
-23.3099768,-45.8964338,09/05/2016 a noite
-23.3091722,-45.9906108,10/05/2016 a noite
-23.3020604,-45.93562310000001,11/05/2016 pela manhã
-23.3086972,-45.9760692,11/05/2016 a noite
-23.3055798,-45.9818147,12/05/2016 a noite
-23.3071826,-46.1123541,13/05/2016 a noite
-23.3078782,-45.9670919,14/05/2016 a noite
-23.3093154,-45.9511885,19/05/2016 a tarde
-23.2848688,-45.9614004,20/05/2016 a noite
-23.2937931,-45.9633534,21/05/2016 de madrugada
-23.2786376,-45.9800042,05/05/2016 a noite
-22.8450076,-45.2334129,12/05/2016 a noite
-23.315104,-45.9481626,22/05/2016 a tarde
-23.2879436,-45.9610972,23/05/2016 a noite
-23.2914225,-45.9625963,24/05/2016 a noite
-23.2852782,-45.9479333,25/05/2016 a noite
-23.2930188,-45.950742,27/05/2016 a noite
-23.4083132,-45.8876467,27/05/2016 a noite
-23.2887969,-45.9609829,29/05/2016 de madrugada
-23.287211,-45.9604188,29/05/2016 a noite
-23.287211,-45.9604188,29/05/2016 a noite
-22.9442828,-45.3886688,30/05/2016 a noite
-22.9442828,-45.3886688,30/05/2016 a noite
-22.9442828,-45.3886688,30/05/2016 a noite
-23.2860811,-45.95910139999999,30/05/2016 a noite
-23.274741,-45.9532642,31/05/2016 a tarde
-23.1105895,-45.7148686,03/05/2016 a noite
-23.3207383,-46.0919526,03/05/2016 pela manhã
-23.3207383,-46.0919526,03/05/2016 pela manhã
-23.0984085,-45.6828239,04/05/2016 pela manhã
-23.0984085,-45.6828239,04/05/2016 pela manhã
-23.1096536,-45.7114178,04/05/2016 pela manhã
-23.0683191,-45.6381766,05/05/2016 a tarde
-23.0683191,-45.6381766,05/05/2016 a tarde
-23.0683191,-45.6381766,05/05/2016 a tarde
-23.0683191,-45.6381766,05/05/2016 a tarde
-22.9442828,-45.3886688,07/05/2016 pela manhã
-22.9442828,-45.3886688,07/05/2016 pela manhã
-23.1154479,-45.6992468,08/05/2016 a tarde
-23.1302952,-45.72548200000001,09/05/2016 a tarde
-23.1046688,-45.7165589,10/05/2016 de madrugada
-23.1145938,-45.7103636,12/05/2016 de madrugada
-23.1145938,-45.7103636,12/05/2016 de madrugada
-23.1145938,-45.7103636,12/05/2016 de madrugada
-23.1145938,-45.7103636,12/05/2016 de madrugada
-23.1145938,-45.7103636,12/05/2016 de madrugada
-23.1145938,-45.7103636,12/05/2016 de madrugada
-23.0654195,-45.717581,13/05/2016 pela manhã
-23.0671327,-45.7133988,15/05/2016 pela manhã
-23.096062,-45.6984589,19/05/2016 pela manhã
-23.1141927,-45.6863509,20/05/2016 a noite
-23.1141927,-45.6863509,20/05/2016 a noite
-22.8909047,-45.3717322,02/05/2016 a noite
-23.0187046,-45.5328265,02/05/2016 a noite
-23.0271372,-45.5748324,04/05/2016 a noite
-23.013555,-45.5820847,04/05/2016 a noite
-23.3081214,-46.0558031,24/05/2016 a noite
-23.0035826,-45.585374,05/05/2016 a noite
-23.275249,-45.97436889999999,25/05/2016 a tarde
-23.1219436,-45.7287832,26/05/2016 a noite
-23.0407016,-45.5819919,09/05/2016 a noite
-23.0131176,-45.5504965,12/05/2016 de madrugada
-23.0131176,-45.5504965,12/05/2016 de madrugada
-23.1014423,-45.7005473,31/05/2016 a noite
-23.3207383,-46.0919526,20/05/2016 pela manhã
-23.3207383,-46.0919526,20/05/2016 pela manhã
-23.3207383,-46.0919526,20/05/2016 pela manhã
-23.0049177,-45.5227704,15/05/2016 pela manhã
-23.0239946,-45.5847773,17/05/2016 a noite
-23.0683191,-45.6381766,17/05/2016 a tarde
-23.0683191,-45.6381766,17/05/2016 a tarde
-23.017396,-45.5802783,18/05/2016 a noite
-23.0097024,-45.5304739,20/05/2016 a noite
-23.0004354,-45.53598909999999,20/05/2016 a noite
-23.0235809,-45.5704359,23/05/2016 de madrugada
-23.0131176,-45.5504965,27/05/2016 a noite
-23.0131176,-45.5504965,27/05/2016 a noite
-23.0347442,-45.611079,29/05/2016 a noite
-23.0683625,-45.5753396,29/05/2016 a noite
-23.0029485,-45.5694293,29/05/2016 a noite
-23.0004296,-45.5504228,29/05/2016 a tarde
-23.0013285,-45.5438233,30/05/2016 a noite
-23.0107114,-45.5266746,31/05/2016 a noite
-23.2786376,-45.9800042,10/05/2016 a noite
-23.2786376,-45.9800042,10/05/2016 a noite
-23.1732412,-45.8898157,03/05/2016 a noite
-23.6236872,-45.4159899,24/05/2016 a noite
-23.580501,-45.3343558,29/05/2016 pela manhã
-23.178291,-45.8565194,05/05/2016 a noite
-23.274293,-45.8852757,01/05/2016 a noite
-23.2796821,-45.89680389999999,01/05/2016 a noite
-23.2562742,-45.9166268,03/05/2016 pela manhã
-23.2306405,-45.90016079999999,05/05/2016 a tarde
-23.2307331,-45.9171608,15/05/2016 a noite
-23.263364,-45.8934971,05/05/2016 a noite
-23.2528171,-45.9268116,06/05/2016 a tarde
-23.2486368,-45.905497,06/05/2016 a tarde
-23.2548043,-45.8963599,07/05/2016 a noite
-23.2258966,-45.87588050000001,08/05/2016 a tarde
-23.1375122,-45.7764121,18/05/2016 a noite
-23.1375122,-45.7764121,18/05/2016 a noite
-23.209043,-45.7534329,08/05/2016 a noite
-23.1662026,-45.8056357,10/05/2016 a noite
-23.278449,-45.8911691,10/05/2016 pela manhã
-23.2576839,-45.9146523,10/05/2016 a noite
-23.2576839,-45.9146523,10/05/2016 a noite
-23.2576839,-45.9146523,10/05/2016 a noite
-23.2550596,-45.8995761,11/05/2016 pela manhã
-23.266905,-45.898055,11/05/2016 a tarde
-23.2647912,-45.90300190000001,13/05/2016 a noite
-23.3017479,-46.0577738,22/05/2016 a noite
-23.2114359,-45.76980409999999,14/05/2016 pela manhã
-23.2647912,-45.90300190000001,14/05/2016 a noite
-23.1974849,-45.7985342,14/05/2016 pela manhã
-23.254446,-45.897785,14/05/2016 a noite
-23.189908,-45.8791715,26/05/2016 a noite
-23.1645481,-45.8921347,26/05/2016 a noite
-23.2702135,-45.88876880000001,15/05/2016 a noite
-23.2116175,-45.8526477,16/05/2016 a noite
-23.0481301,-45.8801549,27/05/2016 a noite
-23.1723807,-45.8901724,27/05/2016 a noite
-23.1625605,-45.9098212,28/05/2016 a noite
-23.2600068,-45.884427,16/05/2016 a noite
-23.1767027,-45.792293,17/05/2016 a noite
-23.1626867,-45.961758,29/05/2016 a noite
-23.2857564,-45.89223440000001,19/05/2016 de madrugada
-23.1764685,-45.88840090000001,31/05/2016 a noite
-23.0481301,-45.8801549,31/05/2016 a noite
-23.2686047,-45.8890585,20/05/2016 em hora incerta
-23.2686047,-45.8890585,20/05/2016 em hora incerta
-23.1849697,-45.7921126,21/05/2016 a tarde
-23.1653502,-45.8069639,21/05/2016 a tarde
-23.2518927,-45.8318677,24/05/2016 a tarde
-23.2376236,-45.909526,24/05/2016 a noite
-23.2555248,-45.9287839,25/05/2016 pela manhã
-23.2638754,-45.909147,26/05/2016 pela manhã
-23.2363195,-45.8829019,27/05/2016 de madrugada
-23.2363195,-45.8829019,28/05/2016 de madrugada
-23.2424199,-45.935821,29/05/2016 a tarde
-23.2542052,-45.917849,29/05/2016 a noite
-23.2419191,-45.916122,30/05/2016 a noite
-23.2134244,-45.892522,31/05/2016 de madrugada
-23.8266364,-45.42864350000001,28/05/2016 a noite
-23.3207383,-46.0919526,24/05/2016 a noite
-23.3207383,-46.0919526,24/05/2016 a noite
-23.251552,-45.88454369999999,07/05/2016 a tarde
-23.1723807,-45.8901724,08/05/2016 a noite
-23.225358,-45.8789698,11/05/2016 a noite
-23.5762902,-45.3257013,23/05/2016 a noite
-23.5762902,-45.3257013,23/05/2016 a noite
-23.177801,-45.8464678,28/05/2016 de madrugada
-23.2451469,-45.8841234,30/05/2016 a noite
-23.2311387,-45.8848211,17/06/2016 a noite
-23.2208258,-45.7951861,14/06/2016 a tarde
-23.2818255,-45.8955691,21/06/2016 a tarde
-22.5806509,-44.9616914,13/06/2016 a tarde
-22.5316634,-44.7785327,28/06/2016 em hora incerta
-22.5787679,-44.9532591,23/06/2016 pela manhã
-23.2419185,-45.93074259999999,08/06/2016 de madrugada
-23.0354081,-45.6122313,10/06/2016 de madrugada
-23.0503031,-45.6305104,13/06/2016 de madrugada
-23.0503031,-45.6305104,13/06/2016 de madrugada
-22.8361026,-45.2639989,01/06/2016 a tarde
-23.2218634,-45.9065898,10/06/2016 em hora incerta
-23.1991934,-45.8837037,01/06/2016 a noite
-23.0333335,-45.6188953,21/06/2016 de madrugada
-23.1918989,-45.8671432,02/06/2016 a tarde
-23.2158549,-45.9072131,20/06/2016 pela manhã
-23.2073427,-45.9062633,22/06/2016 em hora incerta
-22.1794829,-47.3855659,04/06/2016 de madrugada
-23.1975876,-45.8820157,09/06/2016 a tarde
-23.0792611,-44.96098749999999,13/06/2016 a noite
41.2461522,-8.1999047,13/06/2016 de madrugada
-23.198933,-45.883281,22/06/2016 a tarde
-23.1877663,-45.8711309,28/06/2016 pela manhã
-22.8923202,-45.3751563,23/06/2016 a tarde
-23.6501366,-45.4329127,14/06/2016 a noite
-23.1795092,-45.8425917,02/06/2016 pela manhã
-23.1590096,-45.8997326,13/06/2016 de madrugada
-23.1626867,-45.961758,13/06/2016 a noite
-23.1733512,-45.8944329,13/06/2016 pela manhã
-23.3057208,-45.9583196,06/06/2016 pela manhã
-23.1610839,-45.8993628,15/06/2016 a tarde
-23.1582977,-45.8985114,17/06/2016 pela manhã
-23.1652129,-45.9170946,20/06/2016 pela manhã
-23.3004748,-45.9825239,09/06/2016 a tarde
-22.5731318,-44.9625565,04/06/2016 a noite
-23.3079055,-45.9735565,09/06/2016 a tarde
-23.1776585,-45.8472208,14/06/2016 de madrugada
-22.7359858,-45.12031169999999,09/06/2016 pela manhã
-22.6650996,-45.0116583,20/06/2016 em hora incerta
-22.8188131,-45.1927345,02/06/2016 pela manhã
-23.1632256,-45.9082981,23/06/2016 de madrugada
-22.5779593,-44.9581159,06/06/2016 em hora incerta
-23.184649,-45.85389139999999,16/06/2016 de madrugada
-23.1690689,-45.8924061,23/06/2016 a noite
-22.6584623,-45.0133665,22/06/2016 pela manhã
-23.1836568,-45.85679520000001,17/06/2016 pela manhã
-22.8187379,-45.1853357,06/06/2016 a tarde
-23.1610416,-45.8994407,28/06/2016 a tarde
-23.1738651,-45.8387409,22/06/2016 de madrugada
-22.5830345,-44.9603597,12/06/2016 a noite
-22.5614118,-44.93795490000001,18/06/2016 de madrugada
-22.5583011,-44.9416085,20/06/2016 a noite
-22.571542,-44.9603646,23/06/2016 a noite
-23.2045235,-45.8975656,30/06/2016 a noite
-22.5641794,-44.9141202,26/06/2016 de madrugada
-23.3044293,-45.9869244,29/06/2016 a tarde
-22.5591057,-44.9438195,26/06/2016 a noite
-22.7971989,-45.2065892,01/06/2016 a tarde
-22.8113326,-45.1861858,02/06/2016 a tarde
-22.7344272,-45.11883659999999,08/06/2016 pela manhã
-22.7911687,-45.167717,14/06/2016 de madrugada
-22.8196558,-45.1909638,17/06/2016 a tarde
-23.0365389,-45.533688,03/06/2016 a tarde
-23.0275641,-45.5317916,06/06/2016 a noite
-23.0470292,-45.5580206,08/06/2016 em hora incerta
-22.8125317,-45.1962755,24/06/2016 a noite
-23.028472,-45.5527303,13/06/2016 a noite
-22.8394828,-45.2260416,28/06/2016 de madrugada
-22.9622453,-45.55240269999999,05/06/2016 de madrugada
-23.4545867,-46.5921703,10/06/2016 a noite
-22.9605662,-45.5519881,10/06/2016 a noite
-22.9576323,-45.5479616,11/06/2016 a noite
-22.9604435,-45.5498953,13/06/2016 a noite
-22.9576323,-45.5479616,14/06/2016 de madrugada
-22.9621785,-45.5524992,14/06/2016 a noite
-22.9576323,-45.5479616,19/06/2016 a noite
-22.9948418,-45.5405677,22/06/2016 a noite
-22.9793694,-45.5540092,24/06/2016 de madrugada
-22.9747794,-45.5514222,25/06/2016 a noite
-23.2975544,-45.9671365,09/06/2016 pela manhã
-22.9747794,-45.5514222,27/06/2016 a noite
-23.0202787,-45.5643975,27/06/2016 a tarde
-22.9878213,-45.5490182,27/06/2016 de madrugada
-23.3059019,-45.9645331,10/06/2016 a tarde
-23.0215377,-45.5540828,01/06/2016 pela manhã
-23.0192378,-45.5578752,03/06/2016 pela manhã
-23.0192378,-45.5578752,03/06/2016 pela manhã
-22.9453499,-45.4579394,14/06/2016 de madrugada
-23.0070461,-45.51821760000001,02/06/2016 de madrugada
-23.0309666,-45.55274259999999,02/06/2016 a tarde
-23.3049428,-46.0214984,15/06/2016 de madrugada
-23.0254073,-45.5518524,07/06/2016 pela manhã
-23.0192814,-45.56437649999999,08/06/2016 pela manhã
-22.9576323,-45.5479616,07/06/2016 a tarde
-23.0021411,-45.5767951,06/06/2016 a noite
-23.0285561,-45.5579796,07/06/2016 a tarde
-23.2923739,-45.9631026,20/06/2016 pela manhã
-23.3075703,-45.971806,22/06/2016 pela manhã
-22.7410071,-45.5958347,11/06/2016 de madrugada
-23.0376509,-45.5792397,09/06/2016 em hora incerta
-22.9469285,-45.4617357,24/06/2016 de madrugada
-22.9469285,-45.4617357,24/06/2016 de madrugada
-23.0105933,-45.5647767,15/06/2016 a noite
-23.0281484,-45.625499,13/06/2016 pela manhã
-23.3041119,-45.9622705,24/06/2016 a tarde
-23.1794987,-45.85865829999999,01/06/2016 a tarde
-22.7464928,-45.6030179,16/06/2016 de madrugada
-23.3075703,-45.971806,28/06/2016 a tarde
-23.2011979,-45.8947813,02/06/2016 pela manhã
-23.0210544,-45.5525782,15/06/2016 pela manhã
-23.2121526,-45.9099182,13/06/2016 a tarde
-23.3059672,-45.9675986,30/06/2016 a tarde
-23.1729119,-45.8228437,07/06/2016 pela manhã
-23.2905455,-45.9597262,02/06/2016 de madrugada
-23.3055199,-45.9585471,03/06/2016 pela manhã
-23.1862937,-45.8801139,08/06/2016 pela manhã
-23.2273137,-45.88885519999999,08/06/2016 de madrugada
-23.2654128,-45.8632993,09/06/2016 de madrugada
-23.2889248,-45.95036959999999,06/06/2016 em hora incerta
-23.0051241,-45.575183,28/06/2016 de madrugada
-23.2926963,-45.9503673,07/06/2016 de madrugada
-23.2120465,-45.850661,13/06/2016 de madrugada
-23.2966346,-45.9550778,07/06/2016 a tarde
-23.0041237,-45.57663850000001,29/06/2016 pela manhã
-22.7572885,-45.1046638,27/06/2016 a tarde
-23.2131919,-45.81268379999999,14/06/2016 de madrugada
-23.1754322,-45.8253795,14/06/2016 de madrugada
-23.2626919,-45.92898049999999,09/06/2016 a tarde
-23.0267966,-45.5679154,23/06/2016 a noite
-23.0195092,-45.5517251,23/06/2016 a tarde
-23.2167058,-45.8435952,16/06/2016 em hora incerta
-23.1752348,-45.84157159999999,16/06/2016 em hora incerta
-23.0331905,-45.5530645,27/06/2016 pela manhã
-23.0195092,-45.5517251,27/06/2016 pela manhã
-23.0198058,-45.55300700000001,27/06/2016 pela manhã
-23.2246269,-45.8883488,21/06/2016 de madrugada
-23.1982836,-45.9080863,21/06/2016 a noite
-23.1982836,-45.9080863,21/06/2016 a noite
-23.2989258,-45.9313943,17/06/2016 pela manhã
-23.256594,-45.8338927,21/06/2016 de madrugada
-23.2239935,-45.8890602,23/06/2016 a noite
-23.2682705,-45.8854586,23/06/2016 de madrugada
-23.2376008,-45.8809267,23/06/2016 em hora incerta
-23.1824489,-45.83,23/06/2016 de madrugada
-23.7719229,-45.6865978,12/06/2016 a noite
-23.173319,-45.8172668,23/06/2016 a noite
-23.1768575,-45.79884759999999,24/06/2016 de madrugada
-23.2363756,-45.8898406,28/06/2016 a noite
-23.2574161,-45.88646259999999,29/06/2016 pela manhã
-23.2490749,-45.8843241,29/06/2016 pela manhã
-23.3031045,-45.9641062,27/06/2016 pela manhã
-23.3011225,-45.960359,27/06/2016 a tarde
-23.7785904,-45.5614547,19/06/2016 a tarde
-23.300635,-45.9679,28/06/2016 a tarde
-23.2978521,-45.957998,29/06/2016 pela manhã
-23.3085925,-45.9603668,30/06/2016 de madrugada
-22.9248658,-45.4657186,25/06/2016 pela manhã
-23.2618304,-45.9418104,30/06/2016 a tarde
-22.9517087,-45.4037288,26/06/2016 de madrugada
-23.8206349,-45.3572743,20/06/2016 a noite
-23.801966,-45.36458589999999,24/06/2016 a noite
-23.1754078,-45.85419760000001,02/06/2016 a noite
-23.3102744,-45.98799959999999,01/06/2016 a noite
-23.3102744,-45.98799959999999,01/06/2016 a noite
-23.2190071,-45.8959245,02/06/2016 a tarde
-23.305325,-45.96109,02/06/2016 a noite
-23.2938209,-45.9495812,03/06/2016 pela manhã
-23.3019975,-45.9654561,03/06/2016 a tarde
-23.3025988,-45.9656569,03/06/2016 a tarde
-23.308179,-45.9801351,04/06/2016 em hora incerta
-23.3070729,-45.9344389,05/06/2016 a tarde
-23.3086837,-45.9386896,06/06/2016 de madrugada
-23.3088809,-45.9579877,07/06/2016 a tarde
-23.2952952,-45.9916179,09/06/2016 a noite
-23.3097285,-45.9599081,11/06/2016 de madrugada
-23.302885,-45.9343795,11/06/2016 a noite
-23.2571194,-45.896042,12/06/2016 a noite
-23.3005077,-45.956706,18/06/2016 a noite
-23.3177252,-45.9504319,18/06/2016 de madrugada
-23.3027225,-45.96613079999999,19/06/2016 pela manhã
-23.2944576,-45.95457589999999,19/06/2016 pela manhã
-23.3110479,-45.98273589999999,21/06/2016 a noite
-23.3051527,-45.9616532,25/06/2016 pela manhã
-22.8439917,-45.2337269,18/06/2016 a tarde
-23.3115998,-45.9669095,26/06/2016 pela manhã
-23.325705,-45.99529039999999,26/06/2016 em hora incerta
-23.3094118,-45.9511507,28/06/2016 de madrugada
-23.6262078,-45.413789,14/06/2016 a noite
-22.8440663,-45.2336986,26/06/2016 em hora incerta
-22.8397254,-45.2264347,30/06/2016 a noite
-22.8397254,-45.2264347,30/06/2016 a noite
-23.1067779,-45.71332810000001,02/06/2016 pela manhã
-23.1097318,-45.7085867,02/06/2016 em hora incerta
-23.1012508,-45.7080289,03/06/2016 a noite
-23.0970087,-45.7039739,06/06/2016 pela manhã
-23.1178234,-45.7166663,09/06/2016 a noite
-23.1105792,-45.71136509999999,09/06/2016 a tarde
-23.0997844,-45.7087533,16/06/2016 a noite
-23.09407,-45.7120793,17/06/2016 de madrugada
-23.1019883,-45.7085121,25/06/2016 pela manhã
-23.0171892,-45.5577822,02/06/2016 a noite
-23.0444118,-45.5440401,03/06/2016 pela manhã
-23.0258675,-45.5528082,05/06/2016 pela manhã
-23.0926162,-45.71202479999999,30/06/2016 de madrugada
-23.1123501,-45.7114445,30/06/2016 pela manhã
-23.1009379,-45.7091799,30/06/2016 de madrugada
-23.4108694,-45.0625827,04/06/2016 pela manhã
-23.0222692,-45.5264151,05/06/2016 a tarde
-23.0222692,-45.5264151,05/06/2016 a tarde
-23.5390945,-45.2298173,06/06/2016 a noite
-23.0467879,-45.5444755,07/06/2016 a noite
-23.0237727,-45.5651751,08/06/2016 a noite
-23.4368836,-45.0704895,08/06/2016 de madrugada
-23.0246875,-45.5324758,11/06/2016 a noite
-23.0072404,-45.5366259,11/06/2016 a noite
-23.03063,-45.5396665,11/06/2016 a noite
-23.03063,-45.5396665,11/06/2016 a noite
-23.0364199,-45.5791948,12/06/2016 a noite
-23.0152243,-45.5842056,12/06/2016 a noite
-23.4419637,-45.0812998,14/06/2016 a noite
-23.4419637,-45.0812998,14/06/2016 a noite
-23.4346229,-45.0781544,16/06/2016 a noite
-23.0090446,-45.5273467,17/06/2016 a noite
-23.2122067,-45.8566198,17/06/2016 pela manhã
-23.0211717,-45.5837295,18/06/2016 pela manhã
-23.0257544,-45.5500888,18/06/2016 pela manhã
-23.4587901,-45.0809209,19/06/2016 de madrugada
-23.0448692,-45.5469966,18/06/2016 a noite
-23.0004296,-45.5504228,18/06/2016 a noite
-23.0243168,-45.5185155,19/06/2016 de madrugada
-23.4363017,-45.0728823,20/06/2016 pela manhã
-23.0483095,-45.5559397,19/06/2016 pela manhã
-22.9983749,-45.5531392,19/06/2016 a noite
-23.0075985,-45.5559921,19/06/2016 a noite
-22.979396,-45.55720119999999,21/06/2016 a noite
-23.0235621,-45.5829598,22/06/2016 a tarde
-23.680752,-45.4331639,04/06/2016 pela manhã
-23.0074887,-45.5578018,22/06/2016 a noite
-23.0154758,-45.5832055,24/06/2016 a noite
-23.027309,-45.5527189,25/06/2016 pela manhã
-23.7317541,-45.4214121,08/06/2016 de madrugada
-23.438053,-45.0840708,29/06/2016 em hora incerta
-23.0308405,-45.5531579,26/06/2016 pela manhã
-23.0562255,-45.587603,26/06/2016 em hora incerta
-23.617074,-45.4079358,10/06/2016 de madrugada
-22.9620444,-45.5418769,27/06/2016 a noite
-23.0282257,-45.5551003,27/06/2016 a noite
-23.0252735,-45.5497477,27/06/2016 a noite
-23.0414918,-45.55773929999999,28/06/2016 de madrugada
-23.0530599,-45.55938099999999,29/06/2016 a tarde
-23.1892083,-45.8832894,30/06/2016 a tarde
-23.5759683,-45.326417,15/06/2016 de madrugada
-23.6177658,-45.392437,15/06/2016 a noite
-23.6059855,-45.42800219999999,16/06/2016 a tarde
-23.62297,-45.4086885,18/06/2016 de madrugada
-23.6205736,-45.404128,20/06/2016 a noite
-23.6201598,-45.40403449999999,20/06/2016 a noite
-23.5787207,-45.3265816,29/06/2016 em hora incerta
-23.1984748,-45.9032248,01/06/2016 a noite
-23.1979114,-45.8992527,02/06/2016 pela manhã
-23.2061456,-45.8830362,02/06/2016 pela manhã
-23.2061456,-45.8830362,02/06/2016 pela manhã
-23.2102757,-45.8905828,04/06/2016 a noite
-23.2074075,-45.8953919,04/06/2016 a tarde
-23.1832129,-45.8879218,04/06/2016 em hora incerta
-23.1605066,-45.8996688,04/06/2016 a noite
-23.2044432,-45.9013137,05/06/2016 a noite
-23.196971,-45.8778335,05/06/2016 a noite
-23.2045246,-45.8936982,06/06/2016 a noite
-23.1777197,-45.8766283,07/06/2016 de madrugada
-23.1989581,-45.8949945,07/06/2016 a tarde
-23.1989581,-45.8949945,07/06/2016 a tarde
-23.1989767,-45.8999932,07/06/2016 pela manhã
-23.1950341,-45.8991633,07/06/2016 em hora incerta
-23.2141309,-45.9063328,08/06/2016 a tarde
-23.2034179,-45.89873009999999,08/06/2016 de madrugada
-23.1815418,-45.8879375,08/06/2016 pela manhã
-23.2028453,-45.8907305,08/06/2016 em hora incerta
-23.2313014,-45.8988621,08/06/2016 a noite
-23.164594,-45.8958166,08/06/2016 a noite
-23.1985734,-45.8869497,09/06/2016 a noite
-23.1966182,-45.90295,09/06/2016 em hora incerta
-23.2017702,-45.881267,09/06/2016 a noite
-23.1988949,-45.8945467,10/06/2016 a tarde
-23.1997759,-45.90341360000001,10/06/2016 a tarde
-23.1890753,-45.8876998,10/06/2016 a tarde
-23.1982538,-45.8816792,10/06/2016 a noite
-23.1773875,-45.8854202,11/06/2016 a tarde
-23.171095,-45.8417876,11/06/2016 a noite
-23.2046573,-45.9006798,11/06/2016 a noite
-23.1932471,-45.8756368,12/06/2016 a tarde
-23.1746385,-45.8890447,13/06/2016 de madrugada
-23.1827704,-45.8834182,13/06/2016 pela manhã
-23.1960739,-45.8778034,13/06/2016 a tarde
-23.1979926,-45.8893206,13/06/2016 a noite
-23.249429,-45.91157279999999,02/06/2016 de madrugada
-23.2283269,-45.88998369999999,02/06/2016 em hora incerta
-23.2383966,-45.9068571,02/06/2016 a noite
-23.2326981,-45.8878085,02/06/2016 a noite
-23.1989767,-45.8999932,15/06/2016 pela manhã
-23.1986096,-45.8829408,15/06/2016 a noite
-23.1963976,-45.8976204,15/06/2016 a noite
-23.2305392,-45.8970721,03/06/2016 pela manhã
-23.175546,-45.88683409999999,16/06/2016 a tarde
-23.2271484,-45.8901652,03/06/2016 a tarde
-23.2070416,-45.8949754,16/06/2016 a noite
-23.2606074,-45.9059383,03/06/2016 a noite
-23.1606044,-45.9062012,16/06/2016 a noite
-23.1606044,-45.9062012,16/06/2016 a noite
-23.180493,-45.8796633,17/06/2016 a tarde
-23.1778663,-45.8842113,17/06/2016 a tarde
-23.1942398,-45.8913981,17/06/2016 a noite
-23.2566912,-45.91693129999999,04/06/2016 a noite
-23.248467,-45.8862934,04/06/2016 a noite
-23.2183065,-45.8934451,05/06/2016 a noite
-23.2326333,-45.897119,05/06/2016 de madrugada
-23.2863719,-45.8970705,05/06/2016 em hora incerta
-23.2486302,-45.8997619,05/06/2016 pela manhã
-23.1878441,-45.8722251,18/06/2016 de madrugada
-23.1981303,-45.86300689999999,05/06/2016 pela manhã
-23.2267653,-45.9035473,05/06/2016 a noite
-23.1631697,-45.9001266,18/06/2016 a tarde
-23.2310938,-45.88458079999999,05/06/2016 a noite
-23.1642122,-45.90778820000001,18/06/2016 em hora incerta
-23.1631697,-45.9001266,19/06/2016 a tarde
-23.1604967,-45.8943479,19/06/2016 pela manhã
-23.2132843,-45.9069273,19/06/2016 a tarde
-23.1801076,-45.8850169,19/06/2016 a noite
-23.1597775,-45.9091262,19/06/2016 a noite
-23.1963907,-45.8881957,19/06/2016 a noite
-23.2560747,-45.8923137,07/06/2016 em hora incerta
-23.204309,-45.90247129999999,20/06/2016 em hora incerta
-23.2087857,-45.9019671,20/06/2016 a tarde
-23.268147,-45.8847263,07/06/2016 a noite
-23.277833,-45.8982834,08/06/2016 de madrugada
-23.2085948,-45.8926733,21/06/2016 pela manhã
-23.1989669,-45.88859739999999,21/06/2016 a tarde
-23.2270164,-45.9010233,08/06/2016 a noite
-23.1795824,-45.88703820000001,22/06/2016 pela manhã
-23.1881893,-45.8871254,23/06/2016 a tarde
-23.2028132,-45.8909635,23/06/2016 a tarde
-23.2350899,-45.9115566,10/06/2016 a noite
-23.2288959,-45.8863481,10/06/2016 a noite
-23.2591608,-45.9112794,10/06/2016 a noite
-23.2571006,-45.9110064,11/06/2016 de madrugada
-23.1903797,-45.8723549,25/06/2016 pela manhã
-23.2034179,-45.89873009999999,25/06/2016 a tarde
-23.2406065,-45.8952767,12/06/2016 de madrugada
-23.2539894,-45.9170261,12/06/2016 pela manhã
-23.1891186,-45.8733746,12/06/2016 pela manhã
-23.2493462,-45.8887243,12/06/2016 a tarde
-23.1838835,-45.8558861,27/06/2016 de madrugada
-23.1619489,-45.9154719,27/06/2016 pela manhã
-23.2523096,-45.9100331,12/06/2016 a noite
-23.2402816,-45.8351384,12/06/2016 a noite
-23.2438397,-45.9043045,13/06/2016 a tarde
-23.20366,-45.89456759999999,27/06/2016 a noite
-23.262538,-45.8865564,13/06/2016 a noite
-23.262538,-45.8865564,13/06/2016 a noite
-23.2474545,-45.899114,14/06/2016 a tarde
-23.2052695,-45.8882773,14/06/2016 a noite
-23.2015358,-45.896097,28/06/2016 a noite
-23.1933713,-45.8901531,29/06/2016 pela manhã
-23.2034374,-45.8901996,29/06/2016 a noite
-23.2308874,-45.8999709,14/06/2016 a noite
-23.2053108,-45.9512164,30/06/2016 de madrugada
-23.2072375,-45.8979785,30/06/2016 a noite
-23.1623715,-45.8957904,30/06/2016 a noite
-23.2576449,-45.9134179,17/06/2016 de madrugada
-23.2338709,-45.90430809999999,18/06/2016 a tarde
-23.2011692,-45.8616664,19/06/2016 de madrugada
-23.2448747,-45.8956049,19/06/2016 pela manhã
-23.2439464,-45.9043739,19/06/2016 pela manhã
-23.7628358,-45.6572925,19/06/2016 pela manhã
-23.2270164,-45.9010233,20/06/2016 a noite
-23.2295618,-45.8803727,20/06/2016 a noite
-23.2276904,-45.8732422,20/06/2016 a noite
-23.2855556,-45.8899677,20/06/2016 pela manhã
-23.1748552,-45.7910262,20/06/2016 a tarde
-12.2496601,-38.9508616,22/06/2016 a tarde
-23.2296058,-45.8990484,23/06/2016 pela manhã
-23.2270164,-45.9010233,23/06/2016 a tarde
-23.240023,-45.8843503,23/06/2016 a noite
-23.239381,-45.8961155,23/06/2016 em hora incerta
-23.2600452,-45.911269,23/06/2016 a noite
-23.2270298,-45.8569688,24/06/2016 a noite
-23.2301744,-45.89938360000001,25/06/2016 pela manhã
-23.2622464,-45.8836622,26/06/2016 de madrugada
-23.2622464,-45.8836622,26/06/2016 de madrugada
-23.2622464,-45.8836622,26/06/2016 de madrugada
-23.2224528,-45.8892186,26/06/2016 pela manhã
-23.2456338,-45.90571449999999,26/06/2016 pela manhã
-23.2618294,-45.8857361,26/06/2016 a noite
-23.2581781,-45.9105597,26/06/2016 a noite
-23.263364,-45.8934971,28/06/2016 a noite
-23.2642804,-45.8991659,28/06/2016 a noite
-23.2295742,-45.8988006,28/06/2016 a noite
-23.1122716,-45.8549059,30/06/2016 a noite
-23.2697589,-45.8918426,06/06/2016 em hora incerta
-23.1419315,-45.915907,01/06/2016 em hora incerta
-23.2008091,-45.8890281,19/06/2016 em hora incerta
-23.2438397,-45.9043045,01/06/2016 a noite
-23.2359094,-45.90525969999999,01/06/2016 pela manhã
-23.2008616,-45.8840352,02/06/2016 a noite
-23.2042153,-45.9014161,02/06/2016 a noite
-23.3192285,-45.9350562,03/06/2016 a noite
-23.3124908,-45.9995443,03/06/2016 de madrugada
-23.3192285,-45.9350562,03/06/2016 a noite
-23.204634,-45.9011181,04/06/2016 a noite
-22.924883,-45.460233,04/06/2016 pela manhã
-23.2977547,-45.9828501,05/06/2016 a noite
-23.2576719,-45.9051256,06/06/2016 a noite
-23.1933777,-45.8908145,06/06/2016 a noite
-23.2011558,-45.8820454,07/06/2016 a tarde
-23.1991692,-45.9033858,07/06/2016 a noite
-23.0997113,-45.7021372,08/06/2016 a noite
-23.1999127,-45.9076417,09/06/2016 a noite
-23.2533555,-45.9091552,09/06/2016 a noite
-23.2911531,-45.9451451,10/06/2016 de madrugada
-23.2065474,-45.8570059,10/06/2016 pela manhã
-23.2027857,-45.8920681,11/06/2016 a noite
-23.2218634,-45.9065898,11/06/2016 pela manhã
-23.0918804,-45.7110855,13/06/2016 a noite
-23.2263145,-45.893166,13/06/2016 pela manhã
-23.30467,-45.9753625,14/06/2016 a noite
-23.2044771,-45.8935276,15/06/2016 a noite
-23.0250777,-45.5509482,15/06/2016 pela manhã
-23.1944238,-45.8822989,16/06/2016 de madrugada
-23.0216042,-45.56104699999999,17/06/2016 pela manhã
-23.2312474,-45.8998651,17/06/2016 a noite
-23.1918505,-45.8803768,17/06/2016 a noite
-23.248908,-45.8936199,18/06/2016 a noite
-23.009112,-45.554951,18/06/2016 a noite
-23.2016214,-45.8943684,19/06/2016 a noite
-23.2771827,-45.89992590000001,19/06/2016 pela manhã
-23.3172312,-45.9889711,20/06/2016 pela manhã
-23.2057189,-45.887284,20/06/2016 a noite
-23.2002962,-45.9009702,22/06/2016 pela manhã
-23.2095875,-45.891856,22/06/2016 a tarde
-23.1938596,-45.9046074,22/06/2016 a noite
-23.2379503,-45.8838425,22/06/2016 a tarde
-23.2045231,-45.8969055,23/06/2016 a noite
-23.1989502,-45.9035001,23/06/2016 a noite
-23.6604809,-45.4413016,24/06/2016 a noite
-23.0011423,-45.5731135,24/06/2016 pela manhã
-23.2283285,-45.9262508,24/06/2016 a tarde
-23.2219338,-45.9163049,25/06/2016 pela manhã
-23.2510395,-45.8999588,25/06/2016 a noite
-23.1951704,-45.8883555,26/06/2016 a noite
-23.2100893,-45.892261,26/06/2016 de madrugada
-22.9577858,-45.8374998,26/06/2016 a noite
-23.2253974,-45.8884392,26/06/2016 pela manhã
-23.179867,-45.8545144,29/06/2016 a tarde
-22.5897692,-44.976077,13/06/2016 a noite
-22.5897692,-44.976077,13/06/2016 a noite
-23.1719972,-45.8150783,28/06/2016 pela manhã
-23.0397233,-45.58922399999999,07/06/2016 de madrugada
-23.035628,-45.6130904,16/06/2016 a noite
-23.035628,-45.6130904,16/06/2016 a noite
-23.0520333,-45.6304757,27/06/2016 pela manhã
-23.0422066,-45.6293136,27/06/2016 a noite
-23.0520365,-45.63051309999999,30/06/2016 a tarde
-23.1898888,-45.8780823,10/06/2016 a tarde
-23.2280503,-45.9201123,30/06/2016 a noite
-23.1633265,-45.9145987,02/06/2016 pela manhã
-23.156453,-45.9159297,16/06/2016 pela manhã
-23.1351411,-45.7699493,10/06/2016 a noite
-23.2320696,-45.9138843,13/06/2016 de madrugada
-23.2658463,-46.0598846,10/06/2016 a noite
-22.5717478,-44.9005983,07/06/2016 a noite
-23.1487323,-45.7789603,16/06/2016 a noite
-23.1795881,-45.872707,21/06/2016 a tarde
-22.5897692,-44.976077,12/06/2016 a noite
-23.1775678,-45.8463175,22/06/2016 a noite
-22.5594996,-44.9369621,14/06/2016 a noite
-23.1821537,-45.8465523,24/06/2016 pela manhã
-23.3019773,-45.9827019,29/06/2016 pela manhã
-23.2870586,-45.979425,29/06/2016 a tarde
-22.5777692,-44.9606518,26/06/2016 a noite
-22.8037216,-45.2089201,24/06/2016 a noite
-22.9576323,-45.5479616,01/06/2016 a noite
-22.9108889,-45.4709631,07/06/2016 a tarde
-22.926199,-45.6248559,27/06/2016 a noite
-22.7235229,-45.1051477,03/06/2016 de madrugada
-22.7235229,-45.1051477,03/06/2016 de madrugada
-22.7235229,-45.1051477,03/06/2016 de madrugada
-22.7235229,-45.1051477,03/06/2016 de madrugada
-23.2902577,-45.9586452,20/06/2016 a noite
-22.936346,-45.464046,22/06/2016 a noite
-22.9994121,-45.4983818,09/06/2016 a tarde
-22.9994121,-45.4983818,09/06/2016 a tarde
-22.9994121,-45.4983818,09/06/2016 a tarde
-23.1905293,-45.7945368,01/06/2016 pela manhã
-23.1792132,-45.7869934,01/06/2016 pela manhã
-22.7453822,-45.1073333,13/06/2016 a noite
-23.2937449,-45.9644613,29/06/2016 a noite
-23.2669883,-45.8660469,03/06/2016 pela manhã
-23.2669883,-45.8660469,03/06/2016 pela manhã
-23.2976984,-45.9429672,01/06/2016 pela manhã
-23.3299168,-45.8857955,03/06/2016 pela manhã
-23.1388331,-45.7871543,13/06/2016 de madrugada
-23.2772375,-45.9440726,10/06/2016 pela manhã
-23.1783416,-45.8167206,16/06/2016 a noite
-22.9278324,-45.370375,06/06/2016 a noite
-23.2562947,-45.9120761,13/06/2016 a tarde
-23.1835801,-45.86056600000001,16/06/2016 a noite
-23.212799,-45.8060435,16/06/2016 pela manhã
-23.1728573,-45.7936405,17/06/2016 pela manhã
-23.2127667,-45.811654,20/06/2016 a noite
-22.9329173,-45.4594544,12/06/2016 a noite
-23.1687233,-45.8142351,21/06/2016 pela manhã
-23.1924251,-45.7862081,21/06/2016 a tarde
-22.947071,-45.4623974,14/06/2016 a noite
-23.7599711,-45.79700949999999,11/06/2016 a tarde
-23.2097055,-45.78262600000001,23/06/2016 a noite
-22.892002,-45.309692,16/06/2016 a noite
-23.1718468,-45.8225844,23/06/2016 pela manhã
-22.9472057,-45.5014804,17/06/2016 a tarde
-23.1744959,-45.8227895,24/06/2016 pela manhã
-23.1687233,-45.8142351,24/06/2016 pela manhã
-22.9187258,-45.4444782,19/06/2016 a noite
-23.1367898,-45.7683561,28/06/2016 a tarde
-23.1773837,-45.8182132,29/06/2016 a noite
-23.1825974,-45.8274486,29/06/2016 a noite
-23.2078049,-45.7853641,30/06/2016 a noite
-23.7515387,-45.8270801,27/06/2016 de madrugada
-23.2745041,-45.9450185,02/06/2016 a noite
-23.4086512,-45.88811889999999,03/06/2016 a noite
-23.4085346,-45.8878928,04/06/2016 a noite
-23.4085346,-45.8878928,04/06/2016 a noite
-23.4085346,-45.8878928,04/06/2016 a noite
-23.2974736,-45.94305500000001,08/06/2016 pela manhã
-23.3005281,-45.9567364,10/06/2016 a noite
-23.3169336,-45.9603882,11/06/2016 a noite
-23.2843579,-45.9707357,14/06/2016 de madrugada
-22.7129519,-45.0522164,08/06/2016 de madrugada
-23.2689672,-45.9375057,23/06/2016 a tarde
-23.2904206,-45.9646169,24/06/2016 a noite
-23.2898779,-45.9631211,28/06/2016 a noite
-23.0968244,-45.7042778,04/06/2016 a noite
-23.1238901,-45.7102649,06/06/2016 de madrugada
-23.1284389,-45.7175027,11/06/2016 a noite
-23.0680923,-45.6377193,16/06/2016 pela manhã
-23.1063213,-45.7097629,16/06/2016 a tarde
-23.1063213,-45.7097629,16/06/2016 a tarde
-23.1052711,-45.71820229999999,16/06/2016 a noite
-23.10553,-45.7109287,17/06/2016 a noite
-23.1080384,-45.7120509,17/06/2016 a tarde
-23.1869332,-45.7282417,18/06/2016 a noite
-23.1141443,-45.7022357,20/06/2016 pela manhã
-23.1169877,-45.7046737,20/06/2016 a noite
-23.099477,-45.707234,23/06/2016 a noite
-23.1056658,-45.7110579,23/06/2016 a noite
-23.0232259,-45.55051350000001,03/06/2016 a noite
-22.9984747,-45.5763984,04/06/2016 pela manhã
-23.1005191,-45.7085918,28/06/2016 a noite
-23.0165402,-45.5814625,04/06/2016 a noite
-23.0230959,-45.5520126,05/06/2016 de madrugada
-23.0107114,-45.5266746,06/06/2016 a noite
-23.0028676,-45.5232783,11/06/2016 pela manhã
-23.3195541,-46.0882496,20/06/2016 pela manhã
-23.035628,-45.6130904,15/06/2016 a noite
-23.039625,-45.564808,17/06/2016 a tarde
-23.0222692,-45.5264151,17/06/2016 a noite
-23.0404292,-45.6310467,17/06/2016 a noite
-23.275249,-45.97436889999999,21/06/2016 pela manhã
-23.275249,-45.97436889999999,21/06/2016 pela manhã
-23.0301275,-45.6280463,18/06/2016 a tarde
-23.0420831,-45.5846498,19/06/2016 a tarde
-23.0420831,-45.5846498,19/06/2016 a tarde
-23.679059,-45.4384687,04/06/2016 a noite
-23.679059,-45.4384687,04/06/2016 a noite
-23.0422066,-45.6293136,25/06/2016 a noite
-23.578925,-45.331657,28/06/2016 a noite
-23.578925,-45.331657,30/06/2016 a noite
-23.2786376,-45.9800042,28/06/2016 a tarde
-23.1918318,-45.9017973,03/06/2016 pela manhã
-23.2169164,-45.90282029999999,03/06/2016 a noite
-23.1794112,-45.8603193,04/06/2016 a noite
-23.1794112,-45.8603193,04/06/2016 a noite
-23.2214703,-45.89275,04/06/2016 a noite
-23.2411326,-45.931846,05/06/2016 a tarde
-23.1736378,-45.8941841,05/06/2016 a noite
-23.0683191,-45.6381766,02/06/2016 pela manhã
-23.1861511,-45.88066269999999,07/06/2016 de madrugada
-23.1732412,-45.8898157,07/06/2016 a noite
-23.1794974,-45.8812183,09/06/2016 a noite
-23.1626717,-45.9156141,10/06/2016 a noite
-23.1470112,-45.7803035,11/06/2016 pela manhã
-23.2320696,-45.9138843,11/06/2016 de madrugada
-23.2419191,-45.916122,01/06/2016 a noite
-23.285201,-45.8906249,02/06/2016 a tarde
-23.249444,-45.8286703,02/06/2016 a noite
-23.1844216,-45.8732476,15/06/2016 a noite
-23.1981645,-45.9016947,16/06/2016 a tarde
-23.2525139,-45.9325604,03/06/2016 a tarde
-23.2401476,-45.89903839999999,04/06/2016 de madrugada
-23.2214703,-45.89275,05/06/2016 a noite
-23.2554182,-45.9347881,06/06/2016 a tarde
-23.1360002,-45.89383369999999,19/06/2016 a noite
-23.0043493,-45.5159281,09/06/2016 a tarde
-23.2556817,-45.9351657,08/06/2016 pela manhã
-23.1933713,-45.8901531,21/06/2016 pela manhã
-23.2562607,-45.8343841,08/06/2016 a tarde
-23.171109,-45.89068109999999,21/06/2016 a noite
-23.2867229,-45.89455390000001,09/06/2016 de madrugada
-23.2575301,-45.8346622,10/06/2016 a noite
-23.2448986,-45.91205670000001,10/06/2016 a tarde
-23.138841,-45.7756599,24/06/2016 a noite
-12.2493808,-38.9508547,12/06/2016 a tarde
-23.1773727,-45.82146059999999,14/06/2016 a noite
-23.2567353,-45.91464,14/06/2016 pela manhã
-23.2714046,-45.901298,14/06/2016 a tarde
-23.1778841,-45.8162966,14/06/2016 a noite
-23.1778841,-45.8162966,14/06/2016 a noite
-23.2743785,-45.9008917,15/06/2016 de madrugada
-23.2826525,-45.8997001,17/06/2016 pela manhã
-23.2500834,-45.9344036,18/06/2016 de madrugada
-23.1841041,-45.79172440000001,18/06/2016 a noite
-23.2102533,-45.7831426,18/06/2016 a noite
-23.2491889,-45.9028655,19/06/2016 a tarde
-23.4086512,-45.88811889999999,09/06/2016 a tarde
-23.4086512,-45.88811889999999,09/06/2016 a tarde
-23.4086512,-45.88811889999999,09/06/2016 a tarde
-23.2405629,-45.9065638,20/06/2016 a noite
-23.173429,-45.8190927,20/06/2016 pela manhã
-23.2724867,-45.8677044,20/06/2016 a noite
-23.2931099,-45.9009192,21/06/2016 pela manhã
-23.2264658,-45.8923283,24/06/2016 pela manhã
-23.2637171,-45.8933296,24/06/2016 de madrugada
-23.198278,-45.78899320000001,24/06/2016 a noite
-23.2280939,-45.9232547,25/06/2016 a noite
-23.2350238,-45.887926,25/06/2016 a noite
-23.2708367,-45.8624464,26/06/2016 de madrugada
-23.2728729,-45.8882358,27/06/2016 a noite
-23.1955508,-45.79613759999999,27/06/2016 a noite
-23.154929,-45.7912299,27/06/2016 pela manhã
-23.1541048,-45.78959940000001,16/06/2016 de madrugada
-23.1541048,-45.78959940000001,16/06/2016 de madrugada
-23.2661211,-45.8962205,28/06/2016 a noite
-23.2755187,-45.8961195,29/06/2016 pela manhã
-23.2755187,-45.8961195,29/06/2016 pela manhã
-23.3156594,-46.0766161,29/06/2016 a noite
-23.346988,-45.9954994,11/06/2016 a tarde
-23.242115,-45.8965348,11/06/2016 a noite
-23.2311746,-45.9057233,12/06/2016 a noite
-23.1723807,-45.8901724,19/06/2016 a noite
